1,forward 1,forward ,1,1,0,0,
2,forward 5,forward ,5,6,0,0,
3,forward 8,forward ,8,14,0,0,
4,down 9,down ,9,14,9,0,
5,down 7,down ,7,14,16,0,
6,forward 2,forward ,2,16,16,32,
7,up 3,up ,3,16,13,32,
8,forward 7,forward ,7,23,13,123,
9,down 1,down ,1,23,14,123,
10,down 7,down ,7,23,21,123,
11,down 9,down ,9,23,30,123,
12,up 2,up ,2,23,28,123,
13,up 9,up ,9,23,19,123,
14,down 5,down ,5,23,24,123,
15,up 7,up ,7,23,17,123,
16,forward 6,forward ,6,29,17,225,
17,down 7,down ,7,29,24,225,
18,forward 9,forward ,9,38,24,441,
19,down 2,down ,2,38,26,441,
20,down 5,down ,5,38,31,441,
21,forward 5,forward ,5,43,31,596,
22,down 5,down ,5,43,36,596,
23,forward 4,forward ,4,47,36,740,
24,up 3,up ,3,47,33,740,
25,up 2,up ,2,47,31,740,
26,down 8,down ,8,47,39,740,
27,down 7,down ,7,47,46,740,
28,forward 1,forward ,1,48,46,786,
29,forward 5,forward ,5,53,46,1016,
30,forward 2,forward ,2,55,46,1108,
31,down 8,down ,8,55,54,1108,
32,forward 3,forward ,3,58,54,1270,
33,down 8,down ,8,58,62,1270,
34,down 2,down ,2,58,64,1270,
35,down 1,down ,1,58,65,1270,
36,forward 7,forward ,7,65,65,1725,
37,down 2,down ,2,65,67,1725,
38,forward 1,forward ,1,66,67,1792,
39,forward 4,forward ,4,70,67,2060,
40,forward 8,forward ,8,78,67,2596,
41,forward 4,forward ,4,82,67,2864,
42,forward 6,forward ,6,88,67,3266,
43,forward 7,forward ,7,95,67,3735,
44,forward 4,forward ,4,99,67,4003,
45,down 3,down ,3,99,70,4003,
46,down 3,down ,3,99,73,4003,
47,down 1,down ,1,99,74,4003,
48,down 4,down ,4,99,78,4003,
49,forward 1,forward ,1,100,78,4081,
50,up 5,up ,5,100,73,4081,
51,down 8,down ,8,100,81,4081,
52,forward 9,forward ,9,109,81,4810,
53,up 4,up ,4,109,77,4810,
54,forward 2,forward ,2,111,77,4964,
55,up 5,up ,5,111,72,4964,
56,forward 7,forward ,7,118,72,5468,
57,forward 9,forward ,9,127,72,6116,
58,up 5,up ,5,127,67,6116,
59,forward 5,forward ,5,132,67,6451,
60,down 5,down ,5,132,72,6451,
61,forward 8,forward ,8,140,72,7027,
62,up 6,up ,6,140,66,7027,
63,up 7,up ,7,140,59,7027,
64,up 4,up ,4,140,55,7027,
65,down 4,down ,4,140,59,7027,
66,up 5,up ,5,140,54,7027,
67,up 9,up ,9,140,45,7027,
68,forward 3,forward ,3,143,45,7162,
69,down 9,down ,9,143,54,7162,
70,down 4,down ,4,143,58,7162,
71,up 5,up ,5,143,53,7162,
72,forward 3,forward ,3,146,53,7321,
73,forward 8,forward ,8,154,53,7745,
74,up 4,up ,4,154,49,7745,
75,down 2,down ,2,154,51,7745,
76,down 7,down ,7,154,58,7745,
77,down 2,down ,2,154,60,7745,
78,down 7,down ,7,154,67,7745,
79,down 5,down ,5,154,72,7745,
80,down 7,down ,7,154,79,7745,
81,down 2,down ,2,154,81,7745,
82,forward 9,forward ,9,163,81,8474,
83,forward 7,forward ,7,170,81,9041,
84,up 5,up ,5,170,76,9041,
85,forward 8,forward ,8,178,76,9649,
86,forward 7,forward ,7,185,76,10181,
87,up 5,up ,5,185,71,10181,
88,forward 6,forward ,6,191,71,10607,
89,up 5,up ,5,191,66,10607,
90,down 3,down ,3,191,69,10607,
91,down 9,down ,9,191,78,10607,
92,up 2,up ,2,191,76,10607,
93,forward 4,forward ,4,195,76,10911,
94,down 4,down ,4,195,80,10911,
95,down 3,down ,3,195,83,10911,
96,forward 4,forward ,4,199,83,11243,
97,down 4,down ,4,199,87,11243,
98,forward 5,forward ,5,204,87,11678,
99,down 6,down ,6,204,93,11678,
100,forward 5,forward ,5,209,93,12143,
101,down 4,down ,4,209,97,12143,
102,down 2,down ,2,209,99,12143,
103,down 4,down ,4,209,103,12143,
104,up 8,up ,8,209,95,12143,
105,up 3,up ,3,209,92,12143,
106,down 8,down ,8,209,100,12143,
107,forward 2,forward ,2,211,100,12343,
108,forward 9,forward ,9,220,100,13243,
109,down 5,down ,5,220,105,13243,
110,down 8,down ,8,220,113,13243,
111,down 3,down ,3,220,116,13243,
112,down 2,down ,2,220,118,13243,
113,up 2,up ,2,220,116,13243,
114,up 1,up ,1,220,115,13243,
115,forward 7,forward ,7,227,115,14048,
116,up 3,up ,3,227,112,14048,
117,down 7,down ,7,227,119,14048,
118,up 2,up ,2,227,117,14048,
119,forward 7,forward ,7,234,117,14867,
120,down 2,down ,2,234,119,14867,
121,forward 9,forward ,9,243,119,15938,
122,down 3,down ,3,243,122,15938,
123,forward 1,forward ,1,244,122,16060,
124,down 6,down ,6,244,128,16060,
125,up 1,up ,1,244,127,16060,
126,forward 8,forward ,8,252,127,17076,
127,down 2,down ,2,252,129,17076,
128,down 1,down ,1,252,130,17076,
129,down 1,down ,1,252,131,17076,
130,up 6,up ,6,252,125,17076,
131,forward 5,forward ,5,257,125,17701,
132,forward 8,forward ,8,265,125,18701,
133,forward 2,forward ,2,267,125,18951,
134,down 8,down ,8,267,133,18951,
135,down 2,down ,2,267,135,18951,
136,forward 6,forward ,6,273,135,19761,
137,down 3,down ,3,273,138,19761,
138,down 2,down ,2,273,140,19761,
139,forward 7,forward ,7,280,140,20741,
140,down 6,down ,6,280,146,20741,
141,down 9,down ,9,280,155,20741,
142,down 3,down ,3,280,158,20741,
143,forward 2,forward ,2,282,158,21057,
144,down 8,down ,8,282,166,21057,
145,forward 2,forward ,2,284,166,21389,
146,up 1,up ,1,284,165,21389,
147,down 7,down ,7,284,172,21389,
148,forward 9,forward ,9,293,172,22937,
149,down 9,down ,9,293,181,22937,
150,forward 1,forward ,1,294,181,23118,
151,down 4,down ,4,294,185,23118,
152,down 7,down ,7,294,192,23118,
153,forward 1,forward ,1,295,192,23310,
154,up 4,up ,4,295,188,23310,
155,down 5,down ,5,295,193,23310,
156,down 4,down ,4,295,197,23310,
157,down 3,down ,3,295,200,23310,
158,up 8,up ,8,295,192,23310,
159,down 1,down ,1,295,193,23310,
160,down 8,down ,8,295,201,23310,
161,up 1,up ,1,295,200,23310,
162,up 7,up ,7,295,193,23310,
163,forward 4,forward ,4,299,193,24082,
164,forward 1,forward ,1,300,193,24275,
165,down 4,down ,4,300,197,24275,
166,forward 7,forward ,7,307,197,25654,
167,down 3,down ,3,307,200,25654,
168,forward 6,forward ,6,313,200,26854,
169,down 9,down ,9,313,209,26854,
170,down 6,down ,6,313,215,26854,
171,down 4,down ,4,313,219,26854,
172,up 6,up ,6,313,213,26854,
173,forward 8,forward ,8,321,213,28558,
174,down 5,down ,5,321,218,28558,
175,forward 9,forward ,9,330,218,30520,
176,down 6,down ,6,330,224,30520,
177,down 4,down ,4,330,228,30520,
178,forward 1,forward ,1,331,228,30748,
179,down 6,down ,6,331,234,30748,
180,down 7,down ,7,331,241,30748,
181,up 9,up ,9,331,232,30748,
182,up 4,up ,4,331,228,30748,
183,up 2,up ,2,331,226,30748,
184,forward 4,forward ,4,335,226,31652,
185,up 4,up ,4,335,222,31652,
186,down 9,down ,9,335,231,31652,
187,down 2,down ,2,335,233,31652,
188,up 6,up ,6,335,227,31652,
189,forward 9,forward ,9,344,227,33695,
190,down 5,down ,5,344,232,33695,
191,down 2,down ,2,344,234,33695,
192,forward 3,forward ,3,347,234,34397,
193,up 2,up ,2,347,232,34397,
194,forward 2,forward ,2,349,232,34861,
195,down 4,down ,4,349,236,34861,
196,forward 3,forward ,3,352,236,35569,
197,up 8,up ,8,352,228,35569,
198,down 2,down ,2,352,230,35569,
199,forward 7,forward ,7,359,230,37179,
200,forward 3,forward ,3,362,230,37869,
201,down 9,down ,9,362,239,37869,
202,forward 6,forward ,6,368,239,39303,
203,down 1,down ,1,368,240,39303,
204,forward 7,forward ,7,375,240,40983,
205,forward 6,forward ,6,381,240,42423,
206,up 6,up ,6,381,234,42423,
207,forward 3,forward ,3,384,234,43125,
208,forward 2,forward ,2,386,234,43593,
209,forward 5,forward ,5,391,234,44763,
210,up 5,up ,5,391,229,44763,
211,down 5,down ,5,391,234,44763,
212,down 2,down ,2,391,236,44763,
213,down 9,down ,9,391,245,44763,
214,down 7,down ,7,391,252,44763,
215,forward 3,forward ,3,394,252,45519,
216,forward 6,forward ,6,400,252,47031,
217,forward 6,forward ,6,406,252,48543,
218,forward 5,forward ,5,411,252,49803,
219,down 2,down ,2,411,254,49803,
220,forward 4,forward ,4,415,254,50819,
221,forward 8,forward ,8,423,254,52851,
222,forward 2,forward ,2,425,254,53359,
223,forward 1,forward ,1,426,254,53613,
224,up 4,up ,4,426,250,53613,
225,up 6,up ,6,426,244,53613,
226,down 6,down ,6,426,250,53613,
227,forward 5,forward ,5,431,250,54863,
228,forward 5,forward ,5,436,250,56113,
229,down 6,down ,6,436,256,56113,
230,down 8,down ,8,436,264,56113,
231,forward 7,forward ,7,443,264,57961,
232,forward 1,forward ,1,444,264,58225,
233,down 9,down ,9,444,273,58225,
234,up 8,up ,8,444,265,58225,
235,down 9,down ,9,444,274,58225,
236,down 1,down ,1,444,275,58225,
237,up 4,up ,4,444,271,58225,
238,down 9,down ,9,444,280,58225,
239,up 6,up ,6,444,274,58225,
240,down 5,down ,5,444,279,58225,
241,forward 4,forward ,4,448,279,59341,
242,forward 2,forward ,2,450,279,59899,
243,down 9,down ,9,450,288,59899,
244,down 8,down ,8,450,296,59899,
245,up 6,up ,6,450,290,59899,
246,down 3,down ,3,450,293,59899,
247,down 7,down ,7,450,300,59899,
248,up 5,up ,5,450,295,59899,
249,forward 6,forward ,6,456,295,61669,
250,down 3,down ,3,456,298,61669,
251,forward 4,forward ,4,460,298,62861,
252,up 7,up ,7,460,291,62861,
253,down 8,down ,8,460,299,62861,
254,forward 3,forward ,3,463,299,63758,
255,down 9,down ,9,463,308,63758,
256,down 7,down ,7,463,315,63758,
257,forward 5,forward ,5,468,315,65333,
258,forward 2,forward ,2,470,315,65963,
259,forward 4,forward ,4,474,315,67223,
260,forward 8,forward ,8,482,315,69743,
261,down 2,down ,2,482,317,69743,
262,forward 6,forward ,6,488,317,71645,
263,forward 9,forward ,9,497,317,74498,
264,down 9,down ,9,497,326,74498,
265,forward 6,forward ,6,503,326,76454,
266,down 2,down ,2,503,328,76454,
267,down 8,down ,8,503,336,76454,
268,up 7,up ,7,503,329,76454,
269,down 4,down ,4,503,333,76454,
270,forward 2,forward ,2,505,333,77120,
271,forward 6,forward ,6,511,333,79118,
272,forward 2,forward ,2,513,333,79784,
273,forward 7,forward ,7,520,333,82115,
274,forward 1,forward ,1,521,333,82448,
275,up 1,up ,1,521,332,82448,
276,up 1,up ,1,521,331,82448,
277,down 9,down ,9,521,340,82448,
278,forward 9,forward ,9,530,340,85508,
279,down 7,down ,7,530,347,85508,
280,up 4,up ,4,530,343,85508,
281,forward 8,forward ,8,538,343,88252,
282,up 7,up ,7,538,336,88252,
283,down 3,down ,3,538,339,88252,
284,forward 3,forward ,3,541,339,89269,
285,forward 7,forward ,7,548,339,91642,
286,down 2,down ,2,548,341,91642,
287,up 3,up ,3,548,338,91642,
288,forward 5,forward ,5,553,338,93332,
289,down 5,down ,5,553,343,93332,
290,forward 1,forward ,1,554,343,93675,
291,down 8,down ,8,554,351,93675,
292,forward 9,forward ,9,563,351,96834,
293,forward 5,forward ,5,568,351,98589,
294,down 9,down ,9,568,360,98589,
295,forward 8,forward ,8,576,360,101469,
296,down 3,down ,3,576,363,101469,
297,up 7,up ,7,576,356,101469,
298,down 1,down ,1,576,357,101469,
299,forward 6,forward ,6,582,357,103611,
300,forward 3,forward ,3,585,357,104682,
301,forward 8,forward ,8,593,357,107538,
302,down 3,down ,3,593,360,107538,
303,down 6,down ,6,593,366,107538,
304,forward 9,forward ,9,602,366,110832,
305,forward 5,forward ,5,607,366,112662,
306,down 3,down ,3,607,369,112662,
307,up 7,up ,7,607,362,112662,
308,forward 2,forward ,2,609,362,113386,
309,forward 6,forward ,6,615,362,115558,
310,up 2,up ,2,615,360,115558,
311,forward 3,forward ,3,618,360,116638,
312,down 4,down ,4,618,364,116638,
313,up 8,up ,8,618,356,116638,
314,down 7,down ,7,618,363,116638,
315,up 3,up ,3,618,360,116638,
316,down 2,down ,2,618,362,116638,
317,down 3,down ,3,618,365,116638,
318,up 9,up ,9,618,356,116638,
319,down 2,down ,2,618,358,116638,
320,forward 7,forward ,7,625,358,119144,
321,up 7,up ,7,625,351,119144,
322,forward 1,forward ,1,626,351,119495,
323,down 2,down ,2,626,353,119495,
324,forward 4,forward ,4,630,353,120907,
325,forward 9,forward ,9,639,353,124084,
326,down 6,down ,6,639,359,124084,
327,forward 5,forward ,5,644,359,125879,
328,forward 1,forward ,1,645,359,126238,
329,down 6,down ,6,645,365,126238,
330,down 1,down ,1,645,366,126238,
331,up 8,up ,8,645,358,126238,
332,up 5,up ,5,645,353,126238,
333,down 9,down ,9,645,362,126238,
334,up 4,up ,4,645,358,126238,
335,forward 4,forward ,4,649,358,127670,
336,down 9,down ,9,649,367,127670,
337,forward 7,forward ,7,656,367,130239,
338,down 7,down ,7,656,374,130239,
339,forward 4,forward ,4,660,374,131735,
340,up 3,up ,3,660,371,131735,
341,down 7,down ,7,660,378,131735,
342,down 6,down ,6,660,384,131735,
343,forward 3,forward ,3,663,384,132887,
344,up 5,up ,5,663,379,132887,
345,down 9,down ,9,663,388,132887,
346,down 3,down ,3,663,391,132887,
347,forward 5,forward ,5,668,391,134842,
348,forward 6,forward ,6,674,391,137188,
349,down 7,down ,7,674,398,137188,
350,up 3,up ,3,674,395,137188,
351,up 4,up ,4,674,391,137188,
352,forward 9,forward ,9,683,391,140707,
353,forward 1,forward ,1,684,391,141098,
354,down 1,down ,1,684,392,141098,
355,down 1,down ,1,684,393,141098,
356,up 8,up ,8,684,385,141098,
357,down 2,down ,2,684,387,141098,
358,down 4,down ,4,684,391,141098,
359,down 2,down ,2,684,393,141098,
360,up 4,up ,4,684,389,141098,
361,down 1,down ,1,684,390,141098,
362,forward 9,forward ,9,693,390,144608,
363,down 2,down ,2,693,392,144608,
364,up 3,up ,3,693,389,144608,
365,up 1,up ,1,693,388,144608,
366,up 2,up ,2,693,386,144608,
367,forward 4,forward ,4,697,386,146152,
368,down 2,down ,2,697,388,146152,
369,forward 7,forward ,7,704,388,148868,
370,forward 7,forward ,7,711,388,151584,
371,down 4,down ,4,711,392,151584,
372,forward 3,forward ,3,714,392,152760,
373,down 6,down ,6,714,398,152760,
374,down 8,down ,8,714,406,152760,
375,forward 5,forward ,5,719,406,154790,
376,down 9,down ,9,719,415,154790,
377,forward 9,forward ,9,728,415,158525,
378,down 3,down ,3,728,418,158525,
379,forward 4,forward ,4,732,418,160197,
380,down 6,down ,6,732,424,160197,
381,down 9,down ,9,732,433,160197,
382,down 1,down ,1,732,434,160197,
383,down 5,down ,5,732,439,160197,
384,down 4,down ,4,732,443,160197,
385,down 5,down ,5,732,448,160197,
386,forward 5,forward ,5,737,448,162437,
387,forward 6,forward ,6,743,448,165125,
388,forward 8,forward ,8,751,448,168709,
389,forward 1,forward ,1,752,448,169157,
390,forward 2,forward ,2,754,448,170053,
391,down 8,down ,8,754,456,170053,
392,down 4,down ,4,754,460,170053,
393,down 5,down ,5,754,465,170053,
394,down 2,down ,2,754,467,170053,
395,up 4,up ,4,754,463,170053,
396,down 3,down ,3,754,466,170053,
397,forward 1,forward ,1,755,466,170519,
398,up 9,up ,9,755,457,170519,
399,down 8,down ,8,755,465,170519,
400,forward 9,forward ,9,764,465,174704,
401,up 2,up ,2,764,463,174704,
402,down 9,down ,9,764,472,174704,
403,forward 6,forward ,6,770,472,177536,
404,up 5,up ,5,770,467,177536,
405,forward 3,forward ,3,773,467,178937,
406,forward 4,forward ,4,777,467,180805,
407,down 5,down ,5,777,472,180805,
408,down 7,down ,7,777,479,180805,
409,down 1,down ,1,777,480,180805,
410,forward 6,forward ,6,783,480,183685,
411,down 4,down ,4,783,484,183685,
412,forward 7,forward ,7,790,484,187073,
413,down 3,down ,3,790,487,187073,
414,up 3,up ,3,790,484,187073,
415,forward 5,forward ,5,795,484,189493,
416,down 3,down ,3,795,487,189493,
417,down 1,down ,1,795,488,189493,
418,down 6,down ,6,795,494,189493,
419,up 1,up ,1,795,493,189493,
420,forward 6,forward ,6,801,493,192451,
421,down 2,down ,2,801,495,192451,
422,down 3,down ,3,801,498,192451,
423,down 4,down ,4,801,502,192451,
424,forward 6,forward ,6,807,502,195463,
425,down 1,down ,1,807,503,195463,
426,forward 3,forward ,3,810,503,196972,
427,down 8,down ,8,810,511,196972,
428,down 3,down ,3,810,514,196972,
429,forward 9,forward ,9,819,514,201598,
430,forward 3,forward ,3,822,514,203140,
431,down 6,down ,6,822,520,203140,
432,up 7,up ,7,822,513,203140,
433,forward 4,forward ,4,826,513,205192,
434,down 6,down ,6,826,519,205192,
435,down 9,down ,9,826,528,205192,
436,forward 6,forward ,6,832,528,208360,
437,down 3,down ,3,832,531,208360,
438,up 4,up ,4,832,527,208360,
439,down 8,down ,8,832,535,208360,
440,forward 7,forward ,7,839,535,212105,
441,up 7,up ,7,839,528,212105,
442,forward 1,forward ,1,840,528,212633,
443,forward 6,forward ,6,846,528,215801,
444,down 6,down ,6,846,534,215801,
445,up 4,up ,4,846,530,215801,
446,down 6,down ,6,846,536,215801,
447,forward 4,forward ,4,850,536,217945,
448,forward 5,forward ,5,855,536,220625,
449,down 9,down ,9,855,545,220625,
450,forward 6,forward ,6,861,545,223895,
451,forward 7,forward ,7,868,545,227710,
452,up 3,up ,3,868,542,227710,
453,forward 7,forward ,7,875,542,231504,
454,forward 6,forward ,6,881,542,234756,
455,forward 8,forward ,8,889,542,239092,
456,down 8,down ,8,889,550,239092,
457,forward 6,forward ,6,895,550,242392,
458,down 5,down ,5,895,555,242392,
459,forward 2,forward ,2,897,555,243502,
460,down 1,down ,1,897,556,243502,
461,forward 9,forward ,9,906,556,248506,
462,down 8,down ,8,906,564,248506,
463,up 9,up ,9,906,555,248506,
464,down 1,down ,1,906,556,248506,
465,forward 6,forward ,6,912,556,251842,
466,down 7,down ,7,912,563,251842,
467,up 7,up ,7,912,556,251842,
468,up 3,up ,3,912,553,251842,
469,down 8,down ,8,912,561,251842,
470,up 1,up ,1,912,560,251842,
471,down 9,down ,9,912,569,251842,
472,down 4,down ,4,912,573,251842,
473,forward 6,forward ,6,918,573,255280,
474,down 6,down ,6,918,579,255280,
475,up 2,up ,2,918,577,255280,
476,up 4,up ,4,918,573,255280,
477,down 5,down ,5,918,578,255280,
478,up 2,up ,2,918,576,255280,
479,forward 2,forward ,2,920,576,256432,
480,down 5,down ,5,920,581,256432,
481,forward 6,forward ,6,926,581,259918,
482,down 9,down ,9,926,590,259918,
483,up 8,up ,8,926,582,259918,
484,down 1,down ,1,926,583,259918,
485,down 6,down ,6,926,589,259918,
486,down 2,down ,2,926,591,259918,
487,up 8,up ,8,926,583,259918,
488,up 9,up ,9,926,574,259918,
489,down 6,down ,6,926,580,259918,
490,forward 2,forward ,2,928,580,261078,
491,down 8,down ,8,928,588,261078,
492,up 3,up ,3,928,585,261078,
493,forward 3,forward ,3,931,585,262833,
494,down 9,down ,9,931,594,262833,
495,forward 5,forward ,5,936,594,265803,
496,forward 3,forward ,3,939,594,267585,
497,forward 8,forward ,8,947,594,272337,
498,up 7,up ,7,947,587,272337,
499,down 2,down ,2,947,589,272337,
500,up 5,up ,5,947,584,272337,
501,down 1,down ,1,947,585,272337,
502,down 5,down ,5,947,590,272337,
503,down 9,down ,9,947,599,272337,
504,forward 6,forward ,6,953,599,275931,
505,up 8,up ,8,953,591,275931,
506,forward 3,forward ,3,956,591,277704,
507,forward 1,forward ,1,957,591,278295,
508,forward 1,forward ,1,958,591,278886,
509,forward 6,forward ,6,964,591,282432,
510,down 2,down ,2,964,593,282432,
511,forward 3,forward ,3,967,593,284211,
512,down 3,down ,3,967,596,284211,
513,forward 8,forward ,8,975,596,288979,
514,forward 4,forward ,4,979,596,291363,
515,up 1,up ,1,979,595,291363,
516,forward 7,forward ,7,986,595,295528,
517,up 3,up ,3,986,592,295528,
518,up 6,up ,6,986,586,295528,
519,forward 9,forward ,9,995,586,300802,
520,up 7,up ,7,995,579,300802,
521,down 1,down ,1,995,580,300802,
522,down 1,down ,1,995,581,300802,
523,down 7,down ,7,995,588,300802,
524,down 6,down ,6,995,594,300802,
525,down 6,down ,6,995,600,300802,
526,up 6,up ,6,995,594,300802,
527,forward 3,forward ,3,998,594,302584,
528,up 4,up ,4,998,590,302584,
529,forward 3,forward ,3,1001,590,304354,
530,down 6,down ,6,1001,596,304354,
531,down 1,down ,1,1001,597,304354,
532,forward 7,forward ,7,1008,597,308533,
533,down 7,down ,7,1008,604,308533,
534,forward 8,forward ,8,1016,604,313365,
535,down 5,down ,5,1016,609,313365,
536,down 6,down ,6,1016,615,313365,
537,forward 4,forward ,4,1020,615,315825,
538,up 2,up ,2,1020,613,315825,
539,forward 5,forward ,5,1025,613,318890,
540,forward 4,forward ,4,1029,613,321342,
541,up 5,up ,5,1029,608,321342,
542,down 4,down ,4,1029,612,321342,
543,forward 9,forward ,9,1038,612,326850,
544,up 7,up ,7,1038,605,326850,
545,forward 5,forward ,5,1043,605,329875,
546,down 7,down ,7,1043,612,329875,
547,down 4,down ,4,1043,616,329875,
548,down 3,down ,3,1043,619,329875,
549,down 4,down ,4,1043,623,329875,
550,down 3,down ,3,1043,626,329875,
551,forward 3,forward ,3,1046,626,331753,
552,forward 6,forward ,6,1052,626,335509,
553,up 3,up ,3,1052,623,335509,
554,down 9,down ,9,1052,632,335509,
555,up 9,up ,9,1052,623,335509,
556,down 9,down ,9,1052,632,335509,
557,down 8,down ,8,1052,640,335509,
558,forward 7,forward ,7,1059,640,339989,
559,forward 1,forward ,1,1060,640,340629,
560,up 4,up ,4,1060,636,340629,
561,up 2,up ,2,1060,634,340629,
562,down 5,down ,5,1060,639,340629,
563,forward 6,forward ,6,1066,639,344463,
564,down 1,down ,1,1066,640,344463,
565,forward 6,forward ,6,1072,640,348303,
566,forward 6,forward ,6,1078,640,352143,
567,down 3,down ,3,1078,643,352143,
568,down 1,down ,1,1078,644,352143,
569,forward 9,forward ,9,1087,644,357939,
570,forward 7,forward ,7,1094,644,362447,
571,up 4,up ,4,1094,640,362447,
572,forward 2,forward ,2,1096,640,363727,
573,up 9,up ,9,1096,631,363727,
574,forward 2,forward ,2,1098,631,364989,
575,down 5,down ,5,1098,636,364989,
576,down 9,down ,9,1098,645,364989,
577,down 8,down ,8,1098,653,364989,
578,up 2,up ,2,1098,651,364989,
579,down 5,down ,5,1098,656,364989,
580,down 3,down ,3,1098,659,364989,
581,forward 6,forward ,6,1104,659,368943,
582,down 4,down ,4,1104,663,368943,
583,up 2,up ,2,1104,661,368943,
584,up 9,up ,9,1104,652,368943,
585,down 4,down ,4,1104,656,368943,
586,forward 4,forward ,4,1108,656,371567,
587,up 6,up ,6,1108,650,371567,
588,up 4,up ,4,1108,646,371567,
589,forward 6,forward ,6,1114,646,375443,
590,up 1,up ,1,1114,645,375443,
591,forward 9,forward ,9,1123,645,381248,
592,up 1,up ,1,1123,644,381248,
593,down 8,down ,8,1123,652,381248,
594,forward 2,forward ,2,1125,652,382552,
595,up 5,up ,5,1125,647,382552,
596,up 6,up ,6,1125,641,382552,
597,forward 4,forward ,4,1129,641,385116,
598,down 8,down ,8,1129,649,385116,
599,forward 1,forward ,1,1130,649,385765,
600,forward 5,forward ,5,1135,649,389010,
601,forward 5,forward ,5,1140,649,392255,
602,forward 8,forward ,8,1148,649,397447,
603,down 3,down ,3,1148,652,397447,
604,down 3,down ,3,1148,655,397447,
605,forward 3,forward ,3,1151,655,399412,
606,down 4,down ,4,1151,659,399412,
607,forward 5,forward ,5,1156,659,402707,
608,down 2,down ,2,1156,661,402707,
609,forward 1,forward ,1,1157,661,403368,
610,down 3,down ,3,1157,664,403368,
611,down 7,down ,7,1157,671,403368,
612,down 1,down ,1,1157,672,403368,
613,down 5,down ,5,1157,677,403368,
614,forward 8,forward ,8,1165,677,408784,
615,down 2,down ,2,1165,679,408784,
616,down 3,down ,3,1165,682,408784,
617,up 9,up ,9,1165,673,408784,
618,forward 5,forward ,5,1170,673,412149,
619,down 3,down ,3,1170,676,412149,
620,down 8,down ,8,1170,684,412149,
621,down 1,down ,1,1170,685,412149,
622,up 1,up ,1,1170,684,412149,
623,down 2,down ,2,1170,686,412149,
624,up 4,up ,4,1170,682,412149,
625,forward 7,forward ,7,1177,682,416923,
626,down 6,down ,6,1177,688,416923,
627,down 9,down ,9,1177,697,416923,
628,down 4,down ,4,1177,701,416923,
629,forward 4,forward ,4,1181,701,419727,
630,forward 2,forward ,2,1183,701,421129,
631,forward 6,forward ,6,1189,701,425335,
632,forward 3,forward ,3,1192,701,427438,
633,forward 6,forward ,6,1198,701,431644,
634,forward 5,forward ,5,1203,701,435149,
635,down 4,down ,4,1203,705,435149,
636,forward 4,forward ,4,1207,705,437969,
637,forward 2,forward ,2,1209,705,439379,
638,down 3,down ,3,1209,708,439379,
639,up 3,up ,3,1209,705,439379,
640,down 3,down ,3,1209,708,439379,
641,forward 4,forward ,4,1213,708,442211,
642,down 3,down ,3,1213,711,442211,
643,up 5,up ,5,1213,706,442211,
644,up 8,up ,8,1213,698,442211,
645,down 5,down ,5,1213,703,442211,
646,forward 2,forward ,2,1215,703,443617,
647,forward 7,forward ,7,1222,703,448538,
648,up 5,up ,5,1222,698,448538,
649,forward 7,forward ,7,1229,698,453424,
650,down 1,down ,1,1229,699,453424,
651,forward 8,forward ,8,1237,699,459016,
652,down 2,down ,2,1237,701,459016,
653,down 1,down ,1,1237,702,459016,
654,forward 5,forward ,5,1242,702,462526,
655,down 6,down ,6,1242,708,462526,
656,forward 4,forward ,4,1246,708,465358,
657,forward 8,forward ,8,1254,708,471022,
658,forward 1,forward ,1,1255,708,471730,
659,down 9,down ,9,1255,717,471730,
660,down 3,down ,3,1255,720,471730,
661,down 6,down ,6,1255,726,471730,
662,down 5,down ,5,1255,731,471730,
663,down 7,down ,7,1255,738,471730,
664,forward 8,forward ,8,1263,738,477634,
665,forward 4,forward ,4,1267,738,480586,
666,down 5,down ,5,1267,743,480586,
667,down 3,down ,3,1267,746,480586,
668,down 9,down ,9,1267,755,480586,
669,down 2,down ,2,1267,757,480586,
670,forward 1,forward ,1,1268,757,481343,
671,forward 9,forward ,9,1277,757,488156,
672,up 2,up ,2,1277,755,488156,
673,forward 3,forward ,3,1280,755,490421,
674,down 4,down ,4,1280,759,490421,
675,forward 8,forward ,8,1288,759,496493,
676,down 2,down ,2,1288,761,496493,
677,up 6,up ,6,1288,755,496493,
678,up 2,up ,2,1288,753,496493,
679,down 2,down ,2,1288,755,496493,
680,up 7,up ,7,1288,748,496493,
681,down 3,down ,3,1288,751,496493,
682,down 7,down ,7,1288,758,496493,
683,forward 9,forward ,9,1297,758,503315,
684,forward 2,forward ,2,1299,758,504831,
685,up 2,up ,2,1299,756,504831,
686,forward 6,forward ,6,1305,756,509367,
687,down 8,down ,8,1305,764,509367,
688,down 9,down ,9,1305,773,509367,
689,down 8,down ,8,1305,781,509367,
690,down 8,down ,8,1305,789,509367,
691,down 1,down ,1,1305,790,509367,
692,down 3,down ,3,1305,793,509367,
693,up 9,up ,9,1305,784,509367,
694,up 9,up ,9,1305,775,509367,
695,forward 9,forward ,9,1314,775,516342,
696,forward 4,forward ,4,1318,775,519442,
697,down 4,down ,4,1318,779,519442,
698,down 2,down ,2,1318,781,519442,
699,forward 5,forward ,5,1323,781,523347,
700,forward 4,forward ,4,1327,781,526471,
701,forward 1,forward ,1,1328,781,527252,
702,forward 2,forward ,2,1330,781,528814,
703,forward 2,forward ,2,1332,781,530376,
704,down 2,down ,2,1332,783,530376,
705,forward 8,forward ,8,1340,783,536640,
706,down 6,down ,6,1340,789,536640,
707,forward 7,forward ,7,1347,789,542163,
708,forward 4,forward ,4,1351,789,545319,
709,down 7,down ,7,1351,796,545319,
710,down 2,down ,2,1351,798,545319,
711,up 2,up ,2,1351,796,545319,
712,down 7,down ,7,1351,803,545319,
713,forward 7,forward ,7,1358,803,550940,
714,up 3,up ,3,1358,800,550940,
715,forward 3,forward ,3,1361,800,553340,
716,down 3,down ,3,1361,803,553340,
717,forward 5,forward ,5,1366,803,557355,
718,forward 2,forward ,2,1368,803,558961,
719,down 1,down ,1,1368,804,558961,
720,forward 1,forward ,1,1369,804,559765,
721,forward 8,forward ,8,1377,804,566197,
722,down 1,down ,1,1377,805,566197,
723,down 9,down ,9,1377,814,566197,
724,down 8,down ,8,1377,822,566197,
725,down 8,down ,8,1377,830,566197,
726,down 7,down ,7,1377,837,566197,
727,down 2,down ,2,1377,839,566197,
728,forward 2,forward ,2,1379,839,567875,
729,down 6,down ,6,1379,845,567875,
730,down 2,down ,2,1379,847,567875,
731,up 7,up ,7,1379,840,567875,
732,down 1,down ,1,1379,841,567875,
733,up 6,up ,6,1379,835,567875,
734,forward 5,forward ,5,1384,835,572050,
735,down 9,down ,9,1384,844,572050,
736,forward 9,forward ,9,1393,844,579646,
737,forward 4,forward ,4,1397,844,583022,
738,forward 4,forward ,4,1401,844,586398,
739,down 6,down ,6,1401,850,586398,
740,up 3,up ,3,1401,847,586398,
741,forward 5,forward ,5,1406,847,590633,
742,forward 6,forward ,6,1412,847,595715,
743,down 5,down ,5,1412,852,595715,
744,up 8,up ,8,1412,844,595715,
745,down 1,down ,1,1412,845,595715,
746,down 3,down ,3,1412,848,595715,
747,up 5,up ,5,1412,843,595715,
748,down 2,down ,2,1412,845,595715,
749,down 5,down ,5,1412,850,595715,
750,forward 5,forward ,5,1417,850,599965,
751,down 2,down ,2,1417,852,599965,
752,up 9,up ,9,1417,843,599965,
753,forward 3,forward ,3,1420,843,602494,
754,up 9,up ,9,1420,834,602494,
755,forward 6,forward ,6,1426,834,607498,
756,up 7,up ,7,1426,827,607498,
757,forward 9,forward ,9,1435,827,614941,
758,down 8,down ,8,1435,835,614941,
759,up 8,up ,8,1435,827,614941,
760,down 4,down ,4,1435,831,614941,
761,forward 3,forward ,3,1438,831,617434,
762,forward 8,forward ,8,1446,831,624082,
763,down 5,down ,5,1446,836,624082,
764,down 7,down ,7,1446,843,624082,
765,down 6,down ,6,1446,849,624082,
766,down 4,down ,4,1446,853,624082,
767,up 3,up ,3,1446,850,624082,
768,forward 8,forward ,8,1454,850,630882,
769,down 4,down ,4,1454,854,630882,
770,down 7,down ,7,1454,861,630882,
771,up 9,up ,9,1454,852,630882,
772,up 5,up ,5,1454,847,630882,
773,down 6,down ,6,1454,853,630882,
774,up 1,up ,1,1454,852,630882,
775,down 9,down ,9,1454,861,630882,
776,up 4,up ,4,1454,857,630882,
777,down 6,down ,6,1454,863,630882,
778,down 7,down ,7,1454,870,630882,
779,up 4,up ,4,1454,866,630882,
780,forward 5,forward ,5,1459,866,635212,
781,up 8,up ,8,1459,858,635212,
782,down 9,down ,9,1459,867,635212,
783,forward 9,forward ,9,1468,867,643015,
784,forward 8,forward ,8,1476,867,649951,
785,down 7,down ,7,1476,874,649951,
786,up 9,up ,9,1476,865,649951,
787,down 3,down ,3,1476,868,649951,
788,down 2,down ,2,1476,870,649951,
789,down 1,down ,1,1476,871,649951,
790,down 6,down ,6,1476,877,649951,
791,up 3,up ,3,1476,874,649951,
792,up 2,up ,2,1476,872,649951,
793,down 9,down ,9,1476,881,649951,
794,forward 4,forward ,4,1480,881,653475,
795,forward 8,forward ,8,1488,881,660523,
796,up 7,up ,7,1488,874,660523,
797,forward 1,forward ,1,1489,874,661397,
798,down 4,down ,4,1489,878,661397,
799,down 7,down ,7,1489,885,661397,
800,up 5,up ,5,1489,880,661397,
801,forward 9,forward ,9,1498,880,669317,
802,forward 2,forward ,2,1500,880,671077,
803,down 7,down ,7,1500,887,671077,
804,up 2,up ,2,1500,885,671077,
805,forward 6,forward ,6,1506,885,676387,
806,forward 4,forward ,4,1510,885,679927,
807,forward 7,forward ,7,1517,885,686122,
808,down 7,down ,7,1517,892,686122,
809,down 4,down ,4,1517,896,686122,
810,forward 9,forward ,9,1526,896,694186,
811,forward 9,forward ,9,1535,896,702250,
812,down 3,down ,3,1535,899,702250,
813,down 4,down ,4,1535,903,702250,
814,up 1,up ,1,1535,902,702250,
815,forward 1,forward ,1,1536,902,703152,
816,down 3,down ,3,1536,905,703152,
817,down 5,down ,5,1536,910,703152,
818,down 2,down ,2,1536,912,703152,
819,down 8,down ,8,1536,920,703152,
820,down 5,down ,5,1536,925,703152,
821,forward 4,forward ,4,1540,925,706852,
822,forward 7,forward ,7,1547,925,713327,
823,forward 7,forward ,7,1554,925,719802,
824,down 3,down ,3,1554,928,719802,
825,up 4,up ,4,1554,924,719802,
826,up 3,up ,3,1554,921,719802,
827,forward 2,forward ,2,1556,921,721644,
828,forward 8,forward ,8,1564,921,729012,
829,forward 1,forward ,1,1565,921,729933,
830,up 5,up ,5,1565,916,729933,
831,down 2,down ,2,1565,918,729933,
832,down 1,down ,1,1565,919,729933,
833,forward 7,forward ,7,1572,919,736366,
834,forward 7,forward ,7,1579,919,742799,
835,forward 4,forward ,4,1583,919,746475,
836,forward 8,forward ,8,1591,919,753827,
837,down 4,down ,4,1591,923,753827,
838,forward 7,forward ,7,1598,923,760288,
839,down 8,down ,8,1598,931,760288,
840,down 4,down ,4,1598,935,760288,
841,forward 3,forward ,3,1601,935,763093,
842,forward 9,forward ,9,1610,935,771508,
843,forward 6,forward ,6,1616,935,777118,
844,forward 6,forward ,6,1622,935,782728,
845,forward 6,forward ,6,1628,935,788338,
846,down 1,down ,1,1628,936,788338,
847,down 8,down ,8,1628,944,788338,
848,forward 2,forward ,2,1630,944,790226,
849,forward 6,forward ,6,1636,944,795890,
850,forward 8,forward ,8,1644,944,803442,
851,down 1,down ,1,1644,945,803442,
852,forward 9,forward ,9,1653,945,811947,
853,forward 5,forward ,5,1658,945,816672,
854,forward 6,forward ,6,1664,945,822342,
855,down 2,down ,2,1664,947,822342,
856,forward 8,forward ,8,1672,947,829918,
857,down 1,down ,1,1672,948,829918,
858,forward 7,forward ,7,1679,948,836554,
859,down 7,down ,7,1679,955,836554,
860,down 1,down ,1,1679,956,836554,
861,up 4,up ,4,1679,952,836554,
862,up 3,up ,3,1679,949,836554,
863,forward 6,forward ,6,1685,949,842248,
864,forward 2,forward ,2,1687,949,844146,
865,forward 8,forward ,8,1695,949,851738,
866,forward 2,forward ,2,1697,949,853636,
867,down 4,down ,4,1697,953,853636,
868,forward 6,forward ,6,1703,953,859354,
869,down 1,down ,1,1703,954,859354,
870,forward 7,forward ,7,1710,954,866032,
871,up 5,up ,5,1710,949,866032,
872,forward 4,forward ,4,1714,949,869828,
873,forward 3,forward ,3,1717,949,872675,
874,forward 6,forward ,6,1723,949,878369,
875,down 6,down ,6,1723,955,878369,
876,down 4,down ,4,1723,959,878369,
877,forward 6,forward ,6,1729,959,884123,
878,down 7,down ,7,1729,966,884123,
879,down 9,down ,9,1729,975,884123,
880,down 1,down ,1,1729,976,884123,
881,up 5,up ,5,1729,971,884123,
882,up 7,up ,7,1729,964,884123,
883,down 4,down ,4,1729,968,884123,
884,forward 1,forward ,1,1730,968,885091,
885,down 4,down ,4,1730,972,885091,
886,up 1,up ,1,1730,971,885091,
887,down 4,down ,4,1730,975,885091,
888,down 1,down ,1,1730,976,885091,
889,up 6,up ,6,1730,970,885091,
890,forward 2,forward ,2,1732,970,887031,
891,down 2,down ,2,1732,972,887031,
892,down 5,down ,5,1732,977,887031,
893,down 8,down ,8,1732,985,887031,
894,down 2,down ,2,1732,987,887031,
895,down 9,down ,9,1732,996,887031,
896,down 5,down ,5,1732,1001,887031,
897,forward 3,forward ,3,1735,1001,890034,
898,up 6,up ,6,1735,995,890034,
899,forward 9,forward ,9,1744,995,898989,
900,down 7,down ,7,1744,1002,898989,
901,up 7,up ,7,1744,995,898989,
902,down 7,down ,7,1744,1002,898989,
903,up 7,up ,7,1744,995,898989,
904,up 4,up ,4,1744,991,898989,
905,down 6,down ,6,1744,997,898989,
906,up 5,up ,5,1744,992,898989,
907,down 3,down ,3,1744,995,898989,
908,forward 9,forward ,9,1753,995,907944,
909,forward 4,forward ,4,1757,995,911924,
910,down 2,down ,2,1757,997,911924,
911,down 1,down ,1,1757,998,911924,
912,up 1,up ,1,1757,997,911924,
913,down 7,down ,7,1757,1004,911924,
914,down 7,down ,7,1757,1011,911924,
915,forward 7,forward ,7,1764,1011,919001,
916,down 2,down ,2,1764,1013,919001,
917,up 1,up ,1,1764,1012,919001,
918,forward 6,forward ,6,1770,1012,925073,
919,down 3,down ,3,1770,1015,925073,
920,forward 5,forward ,5,1775,1015,930148,
921,forward 3,forward ,3,1778,1015,933193,
922,down 5,down ,5,1778,1020,933193,
923,forward 1,forward ,1,1779,1020,934213,
924,down 8,down ,8,1779,1028,934213,
925,up 2,up ,2,1779,1026,934213,
926,forward 9,forward ,9,1788,1026,943447,
927,down 2,down ,2,1788,1028,943447,
928,up 6,up ,6,1788,1022,943447,
929,down 7,down ,7,1788,1029,943447,
930,forward 1,forward ,1,1789,1029,944476,
931,forward 2,forward ,2,1791,1029,946534,
932,down 2,down ,2,1791,1031,946534,
933,up 5,up ,5,1791,1026,946534,
934,forward 2,forward ,2,1793,1026,948586,
935,down 8,down ,8,1793,1034,948586,
936,forward 3,forward ,3,1796,1034,951688,
937,up 2,up ,2,1796,1032,951688,
938,down 9,down ,9,1796,1041,951688,
939,down 6,down ,6,1796,1047,951688,
940,up 3,up ,3,1796,1044,951688,
941,down 4,down ,4,1796,1048,951688,
942,forward 8,forward ,8,1804,1048,960072,
943,forward 3,forward ,3,1807,1048,963216,
944,up 7,up ,7,1807,1041,963216,
945,down 4,down ,4,1807,1045,963216,
946,forward 4,forward ,4,1811,1045,967396,
947,forward 5,forward ,5,1816,1045,972621,
948,forward 3,forward ,3,1819,1045,975756,
949,up 7,up ,7,1819,1038,975756,
950,forward 7,forward ,7,1826,1038,983022,
951,forward 9,forward ,9,1835,1038,992364,
952,down 4,down ,4,1835,1042,992364,
953,forward 3,forward ,3,1838,1042,995490,
954,down 9,down ,9,1838,1051,995490,
955,down 3,down ,3,1838,1054,995490,
956,forward 3,forward ,3,1841,1054,998652,
957,down 3,down ,3,1841,1057,998652,
958,forward 7,forward ,7,1848,1057,1006051,
959,up 6,up ,6,1848,1051,1006051,
960,forward 9,forward ,9,1857,1051,1015510,
961,down 2,down ,2,1857,1053,1015510,
962,down 8,down ,8,1857,1061,1015510,
963,up 9,up ,9,1857,1052,1015510,
964,forward 3,forward ,3,1860,1052,1018666,
965,forward 5,forward ,5,1865,1052,1023926,
966,down 9,down ,9,1865,1061,1023926,
967,forward 6,forward ,6,1871,1061,1030292,
968,down 2,down ,2,1871,1063,1030292,
969,up 9,up ,9,1871,1054,1030292,
970,forward 6,forward ,6,1877,1054,1036616,
971,forward 3,forward ,3,1880,1054,1039778,
972,down 5,down ,5,1880,1059,1039778,
973,forward 2,forward ,2,1882,1059,1041896,
974,up 1,up ,1,1882,1058,1041896,
975,down 3,down ,3,1882,1061,1041896,
976,up 1,up ,1,1882,1060,1041896,
977,down 2,down ,2,1882,1062,1041896,
978,down 6,down ,6,1882,1068,1041896,
979,forward 5,forward ,5,1887,1068,1047236,
980,up 1,up ,1,1887,1067,1047236,
981,down 2,down ,2,1887,1069,1047236,
982,forward 1,forward ,1,1888,1069,1048305,
983,forward 5,forward ,5,1893,1069,1053650,
984,down 5,down ,5,1893,1074,1053650,
985,forward 8,forward ,8,1901,1074,1062242,
986,down 5,down ,5,1901,1079,1062242,
987,forward 4,forward ,4,1905,1079,1066558,
988,forward 7,forward ,7,1912,1079,1074111,
989,forward 3,forward ,3,1915,1079,1077348,
990,forward 5,forward ,5,1920,1079,1082743,
991,up 5,up ,5,1920,1074,1082743,
992,forward 4,forward ,4,1924,1074,1087039,
993,down 1,down ,1,1924,1075,1087039,
994,down 9,down ,9,1924,1084,1087039,
995,up 8,up ,8,1924,1076,1087039,
996,down 8,down ,8,1924,1084,1087039,
997,down 1,down ,1,1924,1085,1087039,
998,up 1,up ,1,1924,1084,1087039,
999,down 7,down ,7,1924,1091,1087039,
1000,forward 3,forward ,3,1927,1091,1090312,2101031224
1001,,#VALUE!,#VALUE!,#VALUE!,#VALUE!,,
1002,,#VALUE!,#VALUE!,#VALUE!,#VALUE!,,
1003,,#VALUE!,#VALUE!,#VALUE!,#VALUE!,,
1004,,#VALUE!,#VALUE!,#VALUE!,#VALUE!,,
1005,,#VALUE!,#VALUE!,#VALUE!,#VALUE!,,
1006,,#VALUE!,#VALUE!,#VALUE!,#VALUE!,,
1007,,#VALUE!,#VALUE!,#VALUE!,#VALUE!,,
1008,,#VALUE!,#VALUE!,#VALUE!,#VALUE!,,
1009,,#VALUE!,#VALUE!,#VALUE!,#VALUE!,,
1010,,#VALUE!,#VALUE!,#VALUE!,#VALUE!,,
1011,,#VALUE!,#VALUE!,#VALUE!,#VALUE!,,
1012,,#VALUE!,#VALUE!,#VALUE!,#VALUE!,,
1013,,#VALUE!,#VALUE!,#VALUE!,#VALUE!,,
1014,,#VALUE!,#VALUE!,#VALUE!,#VALUE!,,
1015,,#VALUE!,#VALUE!,#VALUE!,#VALUE!,,
1016,,#VALUE!,#VALUE!,#VALUE!,#VALUE!,,
1017,,#VALUE!,#VALUE!,#VALUE!,#VALUE!,,
1018,,#VALUE!,#VALUE!,#VALUE!,#VALUE!,,
1019,,#VALUE!,#VALUE!,#VALUE!,#VALUE!,,
1020,,#VALUE!,#VALUE!,#VALUE!,#VALUE!,,
1021,,#VALUE!,#VALUE!,#VALUE!,#VALUE!,,
1022,,#VALUE!,#VALUE!,#VALUE!,#VALUE!,,
1023,,#VALUE!,#VALUE!,#VALUE!,#VALUE!,,
1024,,#VALUE!,#VALUE!,#VALUE!,#VALUE!,,
1025,,#VALUE!,#VALUE!,#VALUE!,#VALUE!,,
1026,,#VALUE!,#VALUE!,#VALUE!,#VALUE!,,
1027,,#VALUE!,#VALUE!,#VALUE!,#VALUE!,,
1028,,#VALUE!,#VALUE!,#VALUE!,#VALUE!,,
1029,,#VALUE!,#VALUE!,#VALUE!,#VALUE!,,
1030,,#VALUE!,#VALUE!,#VALUE!,#VALUE!,,
1031,,#VALUE!,#VALUE!,#VALUE!,#VALUE!,,
1032,,#VALUE!,#VALUE!,#VALUE!,#VALUE!,,
1033,,#VALUE!,#VALUE!,#VALUE!,#VALUE!,,
1034,,#VALUE!,#VALUE!,#VALUE!,#VALUE!,,
1035,,#VALUE!,#VALUE!,#VALUE!,#VALUE!,,
1036,,#VALUE!,#VALUE!,#VALUE!,#VALUE!,,
1037,,#VALUE!,#VALUE!,#VALUE!,#VALUE!,,
1038,,#VALUE!,#VALUE!,#VALUE!,#VALUE!,,
1039,,#VALUE!,#VALUE!,#VALUE!,#VALUE!,,
1040,,#VALUE!,#VALUE!,#VALUE!,#VALUE!,,
1041,,#VALUE!,#VALUE!,#VALUE!,#VALUE!,,
1042,,#VALUE!,#VALUE!,#VALUE!,#VALUE!,,
1043,,#VALUE!,#VALUE!,#VALUE!,#VALUE!,,
1044,,#VALUE!,#VALUE!,#VALUE!,#VALUE!,,
1045,,#VALUE!,#VALUE!,#VALUE!,#VALUE!,,
1046,,#VALUE!,#VALUE!,#VALUE!,#VALUE!,,
1047,,#VALUE!,#VALUE!,#VALUE!,#VALUE!,,
1048,,#VALUE!,#VALUE!,#VALUE!,#VALUE!,,
1049,,#VALUE!,#VALUE!,#VALUE!,#VALUE!,,
1050,,#VALUE!,#VALUE!,#VALUE!,#VALUE!,,
1051,,#VALUE!,#VALUE!,#VALUE!,#VALUE!,,
1052,,#VALUE!,#VALUE!,#VALUE!,#VALUE!,,
1053,,#VALUE!,#VALUE!,#VALUE!,#VALUE!,,
1054,,#VALUE!,#VALUE!,#VALUE!,#VALUE!,,
1055,,#VALUE!,#VALUE!,#VALUE!,#VALUE!,,
1056,,#VALUE!,#VALUE!,#VALUE!,#VALUE!,,
1057,,#VALUE!,#VALUE!,#VALUE!,#VALUE!,,
1058,,#VALUE!,#VALUE!,#VALUE!,#VALUE!,,
1059,,#VALUE!,#VALUE!,#VALUE!,#VALUE!,,
1060,,#VALUE!,#VALUE!,#VALUE!,#VALUE!,,
1061,,#VALUE!,#VALUE!,#VALUE!,#VALUE!,,
1062,,#VALUE!,#VALUE!,#VALUE!,#VALUE!,,
1063,,#VALUE!,#VALUE!,#VALUE!,#VALUE!,,
1064,,#VALUE!,#VALUE!,#VALUE!,#VALUE!,,
1065,,#VALUE!,#VALUE!,#VALUE!,#VALUE!,,
1066,,#VALUE!,#VALUE!,#VALUE!,#VALUE!,,
1067,,#VALUE!,#VALUE!,#VALUE!,#VALUE!,,
1068,,#VALUE!,#VALUE!,#VALUE!,#VALUE!,,
1069,,#VALUE!,#VALUE!,#VALUE!,#VALUE!,,
1070,,#VALUE!,#VALUE!,#VALUE!,#VALUE!,,
1071,,#VALUE!,#VALUE!,#VALUE!,#VALUE!,,
1072,,#VALUE!,#VALUE!,#VALUE!,#VALUE!,,
1073,,#VALUE!,#VALUE!,#VALUE!,#VALUE!,,
1074,,#VALUE!,#VALUE!,#VALUE!,#VALUE!,,
1075,,#VALUE!,#VALUE!,#VALUE!,#VALUE!,,
1076,,#VALUE!,#VALUE!,#VALUE!,#VALUE!,,
1077,,#VALUE!,#VALUE!,#VALUE!,#VALUE!,,
1078,,#VALUE!,#VALUE!,#VALUE!,#VALUE!,,
1079,,#VALUE!,#VALUE!,#VALUE!,#VALUE!,,
1080,,#VALUE!,#VALUE!,#VALUE!,#VALUE!,,
1081,,#VALUE!,#VALUE!,#VALUE!,#VALUE!,,
1082,,#VALUE!,#VALUE!,#VALUE!,#VALUE!,,
1083,,#VALUE!,#VALUE!,#VALUE!,#VALUE!,,
1084,,#VALUE!,#VALUE!,#VALUE!,#VALUE!,,
1085,,#VALUE!,#VALUE!,#VALUE!,#VALUE!,,
1086,,#VALUE!,#VALUE!,#VALUE!,#VALUE!,,
1087,,#VALUE!,#VALUE!,#VALUE!,#VALUE!,,
1088,,#VALUE!,#VALUE!,#VALUE!,#VALUE!,,
1089,,#VALUE!,#VALUE!,#VALUE!,#VALUE!,,
1090,,#VALUE!,#VALUE!,#VALUE!,#VALUE!,,
1091,,#VALUE!,#VALUE!,#VALUE!,#VALUE!,,
1092,,#VALUE!,#VALUE!,#VALUE!,#VALUE!,,
1093,,#VALUE!,#VALUE!,#VALUE!,#VALUE!,,
1094,,#VALUE!,#VALUE!,#VALUE!,#VALUE!,,
1095,,#VALUE!,#VALUE!,#VALUE!,#VALUE!,,
1096,,#VALUE!,#VALUE!,#VALUE!,#VALUE!,,
1097,,#VALUE!,#VALUE!,#VALUE!,#VALUE!,,
1098,,#VALUE!,#VALUE!,#VALUE!,#VALUE!,,
1099,,#VALUE!,#VALUE!,#VALUE!,#VALUE!,,
1100,,#VALUE!,#VALUE!,#VALUE!,#VALUE!,,
1101,,#VALUE!,#VALUE!,#VALUE!,#VALUE!,,
1102,,#VALUE!,#VALUE!,#VALUE!,#VALUE!,,
1103,,#VALUE!,#VALUE!,#VALUE!,#VALUE!,,
1104,,#VALUE!,#VALUE!,#VALUE!,#VALUE!,,
1105,,#VALUE!,#VALUE!,#VALUE!,#VALUE!,,
1106,,#VALUE!,#VALUE!,#VALUE!,#VALUE!,,
1107,,#VALUE!,#VALUE!,#VALUE!,#VALUE!,,
1108,,#VALUE!,#VALUE!,#VALUE!,#VALUE!,,
1109,,#VALUE!,#VALUE!,#VALUE!,#VALUE!,,
1110,,#VALUE!,#VALUE!,#VALUE!,#VALUE!,,
1111,,#VALUE!,#VALUE!,#VALUE!,#VALUE!,,
1112,,#VALUE!,#VALUE!,#VALUE!,#VALUE!,,
1113,,#VALUE!,#VALUE!,#VALUE!,#VALUE!,,
1114,,#VALUE!,#VALUE!,#VALUE!,#VALUE!,,
1115,,#VALUE!,#VALUE!,#VALUE!,#VALUE!,,
1116,,#VALUE!,#VALUE!,#VALUE!,#VALUE!,,
1117,,#VALUE!,#VALUE!,#VALUE!,#VALUE!,,
1118,,#VALUE!,#VALUE!,#VALUE!,#VALUE!,,
1119,,#VALUE!,#VALUE!,#VALUE!,#VALUE!,,
1120,,#VALUE!,#VALUE!,#VALUE!,#VALUE!,,
1121,,#VALUE!,#VALUE!,#VALUE!,#VALUE!,,
1122,,#VALUE!,#VALUE!,#VALUE!,#VALUE!,,
1123,,#VALUE!,#VALUE!,#VALUE!,#VALUE!,,
1124,,#VALUE!,#VALUE!,#VALUE!,#VALUE!,,
1125,,#VALUE!,#VALUE!,#VALUE!,#VALUE!,,
1126,,#VALUE!,#VALUE!,#VALUE!,#VALUE!,,
1127,,#VALUE!,#VALUE!,#VALUE!,#VALUE!,,
1128,,#VALUE!,#VALUE!,#VALUE!,#VALUE!,,
1129,,#VALUE!,#VALUE!,#VALUE!,#VALUE!,,
1130,,#VALUE!,#VALUE!,#VALUE!,#VALUE!,,
1131,,#VALUE!,#VALUE!,#VALUE!,#VALUE!,,
1132,,#VALUE!,#VALUE!,#VALUE!,#VALUE!,,
1133,,#VALUE!,#VALUE!,#VALUE!,#VALUE!,,
1134,,#VALUE!,#VALUE!,#VALUE!,#VALUE!,,
1135,,#VALUE!,#VALUE!,#VALUE!,#VALUE!,,
1136,,#VALUE!,#VALUE!,#VALUE!,#VALUE!,,
1137,,#VALUE!,#VALUE!,#VALUE!,#VALUE!,,
1138,,#VALUE!,#VALUE!,#VALUE!,#VALUE!,,
1139,,#VALUE!,#VALUE!,#VALUE!,#VALUE!,,
1140,,#VALUE!,#VALUE!,#VALUE!,#VALUE!,,
1141,,#VALUE!,#VALUE!,#VALUE!,#VALUE!,,
1142,,#VALUE!,#VALUE!,#VALUE!,#VALUE!,,
1143,,#VALUE!,#VALUE!,#VALUE!,#VALUE!,,
1144,,#VALUE!,#VALUE!,#VALUE!,#VALUE!,,
1145,,#VALUE!,#VALUE!,#VALUE!,#VALUE!,,
1146,,#VALUE!,#VALUE!,#VALUE!,#VALUE!,,
1147,,#VALUE!,#VALUE!,#VALUE!,#VALUE!,,
1148,,#VALUE!,#VALUE!,#VALUE!,#VALUE!,,
1149,,#VALUE!,#VALUE!,#VALUE!,#VALUE!,,
1150,,#VALUE!,#VALUE!,#VALUE!,#VALUE!,,
1151,,#VALUE!,#VALUE!,#VALUE!,#VALUE!,,
1152,,#VALUE!,#VALUE!,#VALUE!,#VALUE!,,
1153,,#VALUE!,#VALUE!,#VALUE!,#VALUE!,,
1154,,#VALUE!,#VALUE!,#VALUE!,#VALUE!,,
1155,,#VALUE!,#VALUE!,#VALUE!,#VALUE!,,
1156,,#VALUE!,#VALUE!,#VALUE!,#VALUE!,,
1157,,#VALUE!,#VALUE!,#VALUE!,#VALUE!,,
1158,,#VALUE!,#VALUE!,#VALUE!,#VALUE!,,
1159,,#VALUE!,#VALUE!,#VALUE!,#VALUE!,,
1160,,#VALUE!,#VALUE!,#VALUE!,#VALUE!,,
1161,,#VALUE!,#VALUE!,#VALUE!,#VALUE!,,
1162,,#VALUE!,#VALUE!,#VALUE!,#VALUE!,,
1163,,#VALUE!,#VALUE!,#VALUE!,#VALUE!,,
1164,,#VALUE!,#VALUE!,#VALUE!,#VALUE!,,
1165,,#VALUE!,#VALUE!,#VALUE!,#VALUE!,,
1166,,#VALUE!,#VALUE!,#VALUE!,#VALUE!,,
1167,,#VALUE!,#VALUE!,#VALUE!,#VALUE!,,
1168,,#VALUE!,#VALUE!,#VALUE!,#VALUE!,,
1169,,#VALUE!,#VALUE!,#VALUE!,#VALUE!,,
1170,,#VALUE!,#VALUE!,#VALUE!,#VALUE!,,
1171,,#VALUE!,#VALUE!,#VALUE!,#VALUE!,,
1172,,#VALUE!,#VALUE!,#VALUE!,#VALUE!,,
1173,,#VALUE!,#VALUE!,#VALUE!,#VALUE!,,
1174,,#VALUE!,#VALUE!,#VALUE!,#VALUE!,,
1175,,#VALUE!,#VALUE!,#VALUE!,#VALUE!,,
1176,,#VALUE!,#VALUE!,#VALUE!,#VALUE!,,
1177,,#VALUE!,#VALUE!,#VALUE!,#VALUE!,,
1178,,#VALUE!,#VALUE!,#VALUE!,#VALUE!,,
1179,,#VALUE!,#VALUE!,#VALUE!,#VALUE!,,
1180,,#VALUE!,#VALUE!,#VALUE!,#VALUE!,,
1181,,#VALUE!,#VALUE!,#VALUE!,#VALUE!,,
1182,,#VALUE!,#VALUE!,#VALUE!,#VALUE!,,
1183,,#VALUE!,#VALUE!,#VALUE!,#VALUE!,,
1184,,#VALUE!,#VALUE!,#VALUE!,#VALUE!,,
1185,,#VALUE!,#VALUE!,#VALUE!,#VALUE!,,
1186,,#VALUE!,#VALUE!,#VALUE!,#VALUE!,,
1187,,#VALUE!,#VALUE!,#VALUE!,#VALUE!,,
1188,,#VALUE!,#VALUE!,#VALUE!,#VALUE!,,
1189,,#VALUE!,#VALUE!,#VALUE!,#VALUE!,,
1190,,#VALUE!,#VALUE!,#VALUE!,#VALUE!,,
1191,,#VALUE!,#VALUE!,#VALUE!,#VALUE!,,
1192,,#VALUE!,#VALUE!,#VALUE!,#VALUE!,,
1193,,#VALUE!,#VALUE!,#VALUE!,#VALUE!,,
1194,,#VALUE!,#VALUE!,#VALUE!,#VALUE!,,
1195,,#VALUE!,#VALUE!,#VALUE!,#VALUE!,,
1196,,#VALUE!,#VALUE!,#VALUE!,#VALUE!,,
1197,,#VALUE!,#VALUE!,#VALUE!,#VALUE!,,
1198,,#VALUE!,#VALUE!,#VALUE!,#VALUE!,,
1199,,#VALUE!,#VALUE!,#VALUE!,#VALUE!,,
1200,,#VALUE!,#VALUE!,#VALUE!,#VALUE!,,
1201,,#VALUE!,#VALUE!,#VALUE!,#VALUE!,,
1202,,#VALUE!,#VALUE!,#VALUE!,#VALUE!,,
1203,,#VALUE!,#VALUE!,#VALUE!,#VALUE!,,
1204,,#VALUE!,#VALUE!,#VALUE!,#VALUE!,,
1205,,#VALUE!,#VALUE!,#VALUE!,#VALUE!,,
1206,,#VALUE!,#VALUE!,#VALUE!,#VALUE!,,
1207,,#VALUE!,#VALUE!,#VALUE!,#VALUE!,,
1208,,#VALUE!,#VALUE!,#VALUE!,#VALUE!,,
1209,,#VALUE!,#VALUE!,#VALUE!,#VALUE!,,
1210,,#VALUE!,#VALUE!,#VALUE!,#VALUE!,,
1211,,#VALUE!,#VALUE!,#VALUE!,#VALUE!,,
1212,,#VALUE!,#VALUE!,#VALUE!,#VALUE!,,
1213,,#VALUE!,#VALUE!,#VALUE!,#VALUE!,,
1214,,#VALUE!,#VALUE!,#VALUE!,#VALUE!,,
1215,,#VALUE!,#VALUE!,#VALUE!,#VALUE!,,
1216,,#VALUE!,#VALUE!,#VALUE!,#VALUE!,,
1217,,#VALUE!,#VALUE!,#VALUE!,#VALUE!,,
1218,,#VALUE!,#VALUE!,#VALUE!,#VALUE!,,
1219,,#VALUE!,#VALUE!,#VALUE!,#VALUE!,,
1220,,#VALUE!,#VALUE!,#VALUE!,#VALUE!,,
1221,,#VALUE!,#VALUE!,#VALUE!,#VALUE!,,
1222,,#VALUE!,#VALUE!,#VALUE!,#VALUE!,,
1223,,#VALUE!,#VALUE!,#VALUE!,#VALUE!,,
1224,,#VALUE!,#VALUE!,#VALUE!,#VALUE!,,
1225,,#VALUE!,#VALUE!,#VALUE!,#VALUE!,,
1226,,#VALUE!,#VALUE!,#VALUE!,#VALUE!,,
1227,,#VALUE!,#VALUE!,#VALUE!,#VALUE!,,
1228,,#VALUE!,#VALUE!,#VALUE!,#VALUE!,,
1229,,#VALUE!,#VALUE!,#VALUE!,#VALUE!,,
1230,,#VALUE!,#VALUE!,#VALUE!,#VALUE!,,
1231,,#VALUE!,#VALUE!,#VALUE!,#VALUE!,,
1232,,#VALUE!,#VALUE!,#VALUE!,#VALUE!,,
1233,,#VALUE!,#VALUE!,#VALUE!,#VALUE!,,
1234,,#VALUE!,#VALUE!,#VALUE!,#VALUE!,,
1235,,#VALUE!,#VALUE!,#VALUE!,#VALUE!,,
1236,,#VALUE!,#VALUE!,#VALUE!,#VALUE!,,
1237,,#VALUE!,#VALUE!,#VALUE!,#VALUE!,,
1238,,#VALUE!,#VALUE!,#VALUE!,#VALUE!,,
1239,,#VALUE!,#VALUE!,#VALUE!,#VALUE!,,
1240,,#VALUE!,#VALUE!,#VALUE!,#VALUE!,,
1241,,#VALUE!,#VALUE!,#VALUE!,#VALUE!,,
1242,,#VALUE!,#VALUE!,#VALUE!,#VALUE!,,
1243,,#VALUE!,#VALUE!,#VALUE!,#VALUE!,,
1244,,#VALUE!,#VALUE!,#VALUE!,#VALUE!,,
1245,,#VALUE!,#VALUE!,#VALUE!,#VALUE!,,
1246,,#VALUE!,#VALUE!,#VALUE!,#VALUE!,,
1247,,#VALUE!,#VALUE!,#VALUE!,#VALUE!,,
1248,,#VALUE!,#VALUE!,#VALUE!,#VALUE!,,
1249,,#VALUE!,#VALUE!,#VALUE!,#VALUE!,,
1250,,#VALUE!,#VALUE!,#VALUE!,#VALUE!,,
1251,,#VALUE!,#VALUE!,#VALUE!,#VALUE!,,
1252,,#VALUE!,#VALUE!,#VALUE!,#VALUE!,,
1253,,#VALUE!,#VALUE!,#VALUE!,#VALUE!,,
1254,,#VALUE!,#VALUE!,#VALUE!,#VALUE!,,
1255,,#VALUE!,#VALUE!,#VALUE!,#VALUE!,,
1256,,#VALUE!,#VALUE!,#VALUE!,#VALUE!,,
1257,,#VALUE!,#VALUE!,#VALUE!,#VALUE!,,
1258,,#VALUE!,#VALUE!,#VALUE!,#VALUE!,,
1259,,#VALUE!,#VALUE!,#VALUE!,#VALUE!,,
1260,,#VALUE!,#VALUE!,#VALUE!,#VALUE!,,
1261,,#VALUE!,#VALUE!,#VALUE!,#VALUE!,,
1262,,#VALUE!,#VALUE!,#VALUE!,#VALUE!,,
1263,,#VALUE!,#VALUE!,#VALUE!,#VALUE!,,
1264,,#VALUE!,#VALUE!,#VALUE!,#VALUE!,,
1265,,#VALUE!,#VALUE!,#VALUE!,#VALUE!,,
1266,,#VALUE!,#VALUE!,#VALUE!,#VALUE!,,
1267,,#VALUE!,#VALUE!,#VALUE!,#VALUE!,,
1268,,#VALUE!,#VALUE!,#VALUE!,#VALUE!,,
1269,,#VALUE!,#VALUE!,#VALUE!,#VALUE!,,
1270,,#VALUE!,#VALUE!,#VALUE!,#VALUE!,,
1271,,#VALUE!,#VALUE!,#VALUE!,#VALUE!,,
1272,,#VALUE!,#VALUE!,#VALUE!,#VALUE!,,
1273,,#VALUE!,#VALUE!,#VALUE!,#VALUE!,,
1274,,#VALUE!,#VALUE!,#VALUE!,#VALUE!,,
1275,,#VALUE!,#VALUE!,#VALUE!,#VALUE!,,
1276,,#VALUE!,#VALUE!,#VALUE!,#VALUE!,,
1277,,#VALUE!,#VALUE!,#VALUE!,#VALUE!,,
1278,,#VALUE!,#VALUE!,#VALUE!,#VALUE!,,
1279,,#VALUE!,#VALUE!,#VALUE!,#VALUE!,,
1280,,#VALUE!,#VALUE!,#VALUE!,#VALUE!,,
1281,,#VALUE!,#VALUE!,#VALUE!,#VALUE!,,
1282,,#VALUE!,#VALUE!,#VALUE!,#VALUE!,,
1283,,#VALUE!,#VALUE!,#VALUE!,#VALUE!,,
1284,,#VALUE!,#VALUE!,#VALUE!,#VALUE!,,
1285,,#VALUE!,#VALUE!,#VALUE!,#VALUE!,,
1286,,#VALUE!,#VALUE!,#VALUE!,#VALUE!,,
1287,,#VALUE!,#VALUE!,#VALUE!,#VALUE!,,
1288,,#VALUE!,#VALUE!,#VALUE!,#VALUE!,,
1289,,#VALUE!,#VALUE!,#VALUE!,#VALUE!,,
1290,,#VALUE!,#VALUE!,#VALUE!,#VALUE!,,
1291,,#VALUE!,#VALUE!,#VALUE!,#VALUE!,,
1292,,#VALUE!,#VALUE!,#VALUE!,#VALUE!,,
1293,,#VALUE!,#VALUE!,#VALUE!,#VALUE!,,
1294,,#VALUE!,#VALUE!,#VALUE!,#VALUE!,,
1295,,#VALUE!,#VALUE!,#VALUE!,#VALUE!,,
1296,,#VALUE!,#VALUE!,#VALUE!,#VALUE!,,
1297,,#VALUE!,#VALUE!,#VALUE!,#VALUE!,,
1298,,#VALUE!,#VALUE!,#VALUE!,#VALUE!,,
1299,,#VALUE!,#VALUE!,#VALUE!,#VALUE!,,
1300,,#VALUE!,#VALUE!,#VALUE!,#VALUE!,,
1301,,#VALUE!,#VALUE!,#VALUE!,#VALUE!,,
1302,,#VALUE!,#VALUE!,#VALUE!,#VALUE!,,
1303,,#VALUE!,#VALUE!,#VALUE!,#VALUE!,,
1304,,#VALUE!,#VALUE!,#VALUE!,#VALUE!,,
1305,,#VALUE!,#VALUE!,#VALUE!,#VALUE!,,
1306,,#VALUE!,#VALUE!,#VALUE!,#VALUE!,,
1307,,#VALUE!,#VALUE!,#VALUE!,#VALUE!,,
1308,,#VALUE!,#VALUE!,#VALUE!,#VALUE!,,
1309,,#VALUE!,#VALUE!,#VALUE!,#VALUE!,,
1310,,#VALUE!,#VALUE!,#VALUE!,#VALUE!,,
1311,,#VALUE!,#VALUE!,#VALUE!,#VALUE!,,
1312,,#VALUE!,#VALUE!,#VALUE!,#VALUE!,,
1313,,#VALUE!,#VALUE!,#VALUE!,#VALUE!,,
1314,,#VALUE!,#VALUE!,#VALUE!,#VALUE!,,
1315,,#VALUE!,#VALUE!,#VALUE!,#VALUE!,,
1316,,#VALUE!,#VALUE!,#VALUE!,#VALUE!,,
1317,,#VALUE!,#VALUE!,#VALUE!,#VALUE!,,
1318,,#VALUE!,#VALUE!,#VALUE!,#VALUE!,,
1319,,#VALUE!,#VALUE!,#VALUE!,#VALUE!,,
1320,,#VALUE!,#VALUE!,#VALUE!,#VALUE!,,
1321,,#VALUE!,#VALUE!,#VALUE!,#VALUE!,,
1322,,#VALUE!,#VALUE!,#VALUE!,#VALUE!,,
1323,,#VALUE!,#VALUE!,#VALUE!,#VALUE!,,
1324,,#VALUE!,#VALUE!,#VALUE!,#VALUE!,,
1325,,#VALUE!,#VALUE!,#VALUE!,#VALUE!,,
1326,,#VALUE!,#VALUE!,#VALUE!,#VALUE!,,
1327,,#VALUE!,#VALUE!,#VALUE!,#VALUE!,,
1328,,#VALUE!,#VALUE!,#VALUE!,#VALUE!,,
1329,,#VALUE!,#VALUE!,#VALUE!,#VALUE!,,
1330,,#VALUE!,#VALUE!,#VALUE!,#VALUE!,,
1331,,#VALUE!,#VALUE!,#VALUE!,#VALUE!,,
1332,,#VALUE!,#VALUE!,#VALUE!,#VALUE!,,
1333,,#VALUE!,#VALUE!,#VALUE!,#VALUE!,,
1334,,#VALUE!,#VALUE!,#VALUE!,#VALUE!,,
1335,,#VALUE!,#VALUE!,#VALUE!,#VALUE!,,
1336,,#VALUE!,#VALUE!,#VALUE!,#VALUE!,,
1337,,#VALUE!,#VALUE!,#VALUE!,#VALUE!,,
1338,,#VALUE!,#VALUE!,#VALUE!,#VALUE!,,
1339,,#VALUE!,#VALUE!,#VALUE!,#VALUE!,,
1340,,#VALUE!,#VALUE!,#VALUE!,#VALUE!,,
1341,,#VALUE!,#VALUE!,#VALUE!,#VALUE!,,
1342,,#VALUE!,#VALUE!,#VALUE!,#VALUE!,,
1343,,#VALUE!,#VALUE!,#VALUE!,#VALUE!,,
1344,,#VALUE!,#VALUE!,#VALUE!,#VALUE!,,
1345,,#VALUE!,#VALUE!,#VALUE!,#VALUE!,,
1346,,#VALUE!,#VALUE!,#VALUE!,#VALUE!,,
1347,,#VALUE!,#VALUE!,#VALUE!,#VALUE!,,
1348,,#VALUE!,#VALUE!,#VALUE!,#VALUE!,,
1349,,#VALUE!,#VALUE!,#VALUE!,#VALUE!,,
1350,,#VALUE!,#VALUE!,#VALUE!,#VALUE!,,
1351,,#VALUE!,#VALUE!,#VALUE!,#VALUE!,,
1352,,#VALUE!,#VALUE!,#VALUE!,#VALUE!,,
1353,,#VALUE!,#VALUE!,#VALUE!,#VALUE!,,
1354,,#VALUE!,#VALUE!,#VALUE!,#VALUE!,,
1355,,#VALUE!,#VALUE!,#VALUE!,#VALUE!,,
1356,,#VALUE!,#VALUE!,#VALUE!,#VALUE!,,
1357,,#VALUE!,#VALUE!,#VALUE!,#VALUE!,,
1358,,#VALUE!,#VALUE!,#VALUE!,#VALUE!,,
1359,,#VALUE!,#VALUE!,#VALUE!,#VALUE!,,
1360,,#VALUE!,#VALUE!,#VALUE!,#VALUE!,,
1361,,#VALUE!,#VALUE!,#VALUE!,#VALUE!,,
1362,,#VALUE!,#VALUE!,#VALUE!,#VALUE!,,
1363,,#VALUE!,#VALUE!,#VALUE!,#VALUE!,,
1364,,#VALUE!,#VALUE!,#VALUE!,#VALUE!,,
1365,,#VALUE!,#VALUE!,#VALUE!,#VALUE!,,
1366,,#VALUE!,#VALUE!,#VALUE!,#VALUE!,,
1367,,#VALUE!,#VALUE!,#VALUE!,#VALUE!,,
1368,,#VALUE!,#VALUE!,#VALUE!,#VALUE!,,
1369,,#VALUE!,#VALUE!,#VALUE!,#VALUE!,,
1370,,#VALUE!,#VALUE!,#VALUE!,#VALUE!,,
1371,,#VALUE!,#VALUE!,#VALUE!,#VALUE!,,
1372,,#VALUE!,#VALUE!,#VALUE!,#VALUE!,,
1373,,#VALUE!,#VALUE!,#VALUE!,#VALUE!,,
1374,,#VALUE!,#VALUE!,#VALUE!,#VALUE!,,
1375,,#VALUE!,#VALUE!,#VALUE!,#VALUE!,,
1376,,#VALUE!,#VALUE!,#VALUE!,#VALUE!,,
1377,,#VALUE!,#VALUE!,#VALUE!,#VALUE!,,
1378,,#VALUE!,#VALUE!,#VALUE!,#VALUE!,,
1379,,#VALUE!,#VALUE!,#VALUE!,#VALUE!,,
1380,,#VALUE!,#VALUE!,#VALUE!,#VALUE!,,
1381,,#VALUE!,#VALUE!,#VALUE!,#VALUE!,,
1382,,#VALUE!,#VALUE!,#VALUE!,#VALUE!,,
1383,,#VALUE!,#VALUE!,#VALUE!,#VALUE!,,
1384,,#VALUE!,#VALUE!,#VALUE!,#VALUE!,,
1385,,#VALUE!,#VALUE!,#VALUE!,#VALUE!,,
1386,,#VALUE!,#VALUE!,#VALUE!,#VALUE!,,
1387,,#VALUE!,#VALUE!,#VALUE!,#VALUE!,,
1388,,#VALUE!,#VALUE!,#VALUE!,#VALUE!,,
1389,,#VALUE!,#VALUE!,#VALUE!,#VALUE!,,
1390,,#VALUE!,#VALUE!,#VALUE!,#VALUE!,,
1391,,#VALUE!,#VALUE!,#VALUE!,#VALUE!,,
1392,,#VALUE!,#VALUE!,#VALUE!,#VALUE!,,
1393,,#VALUE!,#VALUE!,#VALUE!,#VALUE!,,
1394,,#VALUE!,#VALUE!,#VALUE!,#VALUE!,,
1395,,#VALUE!,#VALUE!,#VALUE!,#VALUE!,,
1396,,#VALUE!,#VALUE!,#VALUE!,#VALUE!,,
1397,,#VALUE!,#VALUE!,#VALUE!,#VALUE!,,
1398,,#VALUE!,#VALUE!,#VALUE!,#VALUE!,,
1399,,#VALUE!,#VALUE!,#VALUE!,#VALUE!,,
1400,,#VALUE!,#VALUE!,#VALUE!,#VALUE!,,
1401,,#VALUE!,#VALUE!,#VALUE!,#VALUE!,,
1402,,#VALUE!,#VALUE!,#VALUE!,#VALUE!,,
1403,,#VALUE!,#VALUE!,#VALUE!,#VALUE!,,
1404,,#VALUE!,#VALUE!,#VALUE!,#VALUE!,,
1405,,#VALUE!,#VALUE!,#VALUE!,#VALUE!,,
1406,,#VALUE!,#VALUE!,#VALUE!,#VALUE!,,
1407,,#VALUE!,#VALUE!,#VALUE!,#VALUE!,,
1408,,#VALUE!,#VALUE!,#VALUE!,#VALUE!,,
1409,,#VALUE!,#VALUE!,#VALUE!,#VALUE!,,
1410,,#VALUE!,#VALUE!,#VALUE!,#VALUE!,,
1411,,#VALUE!,#VALUE!,#VALUE!,#VALUE!,,
1412,,#VALUE!,#VALUE!,#VALUE!,#VALUE!,,
1413,,#VALUE!,#VALUE!,#VALUE!,#VALUE!,,
1414,,#VALUE!,#VALUE!,#VALUE!,#VALUE!,,
1415,,#VALUE!,#VALUE!,#VALUE!,#VALUE!,,
1416,,#VALUE!,#VALUE!,#VALUE!,#VALUE!,,
1417,,#VALUE!,#VALUE!,#VALUE!,#VALUE!,,
1418,,#VALUE!,#VALUE!,#VALUE!,#VALUE!,,
1419,,#VALUE!,#VALUE!,#VALUE!,#VALUE!,,
1420,,#VALUE!,#VALUE!,#VALUE!,#VALUE!,,
1421,,#VALUE!,#VALUE!,#VALUE!,#VALUE!,,
1422,,#VALUE!,#VALUE!,#VALUE!,#VALUE!,,
1423,,#VALUE!,#VALUE!,#VALUE!,#VALUE!,,
1424,,#VALUE!,#VALUE!,#VALUE!,#VALUE!,,
1425,,#VALUE!,#VALUE!,#VALUE!,#VALUE!,,
1426,,#VALUE!,#VALUE!,#VALUE!,#VALUE!,,
1427,,#VALUE!,#VALUE!,#VALUE!,#VALUE!,,
1428,,#VALUE!,#VALUE!,#VALUE!,#VALUE!,,
1429,,#VALUE!,#VALUE!,#VALUE!,#VALUE!,,
1430,,#VALUE!,#VALUE!,#VALUE!,#VALUE!,,
1431,,#VALUE!,#VALUE!,#VALUE!,#VALUE!,,
1432,,#VALUE!,#VALUE!,#VALUE!,#VALUE!,,
1433,,#VALUE!,#VALUE!,#VALUE!,#VALUE!,,
1434,,#VALUE!,#VALUE!,#VALUE!,#VALUE!,,
1435,,#VALUE!,#VALUE!,#VALUE!,#VALUE!,,
1436,,#VALUE!,#VALUE!,#VALUE!,#VALUE!,,
1437,,#VALUE!,#VALUE!,#VALUE!,#VALUE!,,
1438,,#VALUE!,#VALUE!,#VALUE!,#VALUE!,,
1439,,#VALUE!,#VALUE!,#VALUE!,#VALUE!,,
1440,,#VALUE!,#VALUE!,#VALUE!,#VALUE!,,
1441,,#VALUE!,#VALUE!,#VALUE!,#VALUE!,,
1442,,#VALUE!,#VALUE!,#VALUE!,#VALUE!,,
1443,,#VALUE!,#VALUE!,#VALUE!,#VALUE!,,
1444,,#VALUE!,#VALUE!,#VALUE!,#VALUE!,,
1445,,#VALUE!,#VALUE!,#VALUE!,#VALUE!,,
1446,,#VALUE!,#VALUE!,#VALUE!,#VALUE!,,
1447,,#VALUE!,#VALUE!,#VALUE!,#VALUE!,,
1448,,#VALUE!,#VALUE!,#VALUE!,#VALUE!,,
1449,,#VALUE!,#VALUE!,#VALUE!,#VALUE!,,
1450,,#VALUE!,#VALUE!,#VALUE!,#VALUE!,,
1451,,#VALUE!,#VALUE!,#VALUE!,#VALUE!,,
1452,,#VALUE!,#VALUE!,#VALUE!,#VALUE!,,
1453,,#VALUE!,#VALUE!,#VALUE!,#VALUE!,,
1454,,#VALUE!,#VALUE!,#VALUE!,#VALUE!,,
1455,,#VALUE!,#VALUE!,#VALUE!,#VALUE!,,
1456,,#VALUE!,#VALUE!,#VALUE!,#VALUE!,,
1457,,#VALUE!,#VALUE!,#VALUE!,#VALUE!,,
1458,,#VALUE!,#VALUE!,#VALUE!,#VALUE!,,
1459,,#VALUE!,#VALUE!,#VALUE!,#VALUE!,,
1460,,#VALUE!,#VALUE!,#VALUE!,#VALUE!,,
1461,,#VALUE!,#VALUE!,#VALUE!,#VALUE!,,
1462,,#VALUE!,#VALUE!,#VALUE!,#VALUE!,,
1463,,#VALUE!,#VALUE!,#VALUE!,#VALUE!,,
1464,,#VALUE!,#VALUE!,#VALUE!,#VALUE!,,
1465,,#VALUE!,#VALUE!,#VALUE!,#VALUE!,,
1466,,#VALUE!,#VALUE!,#VALUE!,#VALUE!,,
1467,,#VALUE!,#VALUE!,#VALUE!,#VALUE!,,
1468,,#VALUE!,#VALUE!,#VALUE!,#VALUE!,,
1469,,#VALUE!,#VALUE!,#VALUE!,#VALUE!,,
1470,,#VALUE!,#VALUE!,#VALUE!,#VALUE!,,
1471,,#VALUE!,#VALUE!,#VALUE!,#VALUE!,,
1472,,#VALUE!,#VALUE!,#VALUE!,#VALUE!,,
1473,,#VALUE!,#VALUE!,#VALUE!,#VALUE!,,
1474,,#VALUE!,#VALUE!,#VALUE!,#VALUE!,,
1475,,#VALUE!,#VALUE!,#VALUE!,#VALUE!,,
1476,,#VALUE!,#VALUE!,#VALUE!,#VALUE!,,
1477,,#VALUE!,#VALUE!,#VALUE!,#VALUE!,,
1478,,#VALUE!,#VALUE!,#VALUE!,#VALUE!,,
1479,,#VALUE!,#VALUE!,#VALUE!,#VALUE!,,
1480,,#VALUE!,#VALUE!,#VALUE!,#VALUE!,,
1481,,#VALUE!,#VALUE!,#VALUE!,#VALUE!,,
1482,,#VALUE!,#VALUE!,#VALUE!,#VALUE!,,
1483,,#VALUE!,#VALUE!,#VALUE!,#VALUE!,,
1484,,#VALUE!,#VALUE!,#VALUE!,#VALUE!,,
1485,,#VALUE!,#VALUE!,#VALUE!,#VALUE!,,
1486,,#VALUE!,#VALUE!,#VALUE!,#VALUE!,,
1487,,#VALUE!,#VALUE!,#VALUE!,#VALUE!,,
1488,,#VALUE!,#VALUE!,#VALUE!,#VALUE!,,
1489,,#VALUE!,#VALUE!,#VALUE!,#VALUE!,,
1490,,#VALUE!,#VALUE!,#VALUE!,#VALUE!,,
1491,,#VALUE!,#VALUE!,#VALUE!,#VALUE!,,
1492,,#VALUE!,#VALUE!,#VALUE!,#VALUE!,,
1493,,#VALUE!,#VALUE!,#VALUE!,#VALUE!,,
1494,,#VALUE!,#VALUE!,#VALUE!,#VALUE!,,
1495,,#VALUE!,#VALUE!,#VALUE!,#VALUE!,,
1496,,#VALUE!,#VALUE!,#VALUE!,#VALUE!,,
1497,,#VALUE!,#VALUE!,#VALUE!,#VALUE!,,
1498,,#VALUE!,#VALUE!,#VALUE!,#VALUE!,,
1499,,#VALUE!,#VALUE!,#VALUE!,#VALUE!,,
1500,,#VALUE!,#VALUE!,#VALUE!,#VALUE!,,
1501,,#VALUE!,#VALUE!,#VALUE!,#VALUE!,,
1502,,#VALUE!,#VALUE!,#VALUE!,#VALUE!,,
1503,,#VALUE!,#VALUE!,#VALUE!,#VALUE!,,
1504,,#VALUE!,#VALUE!,#VALUE!,#VALUE!,,
1505,,#VALUE!,#VALUE!,#VALUE!,#VALUE!,,
1506,,#VALUE!,#VALUE!,#VALUE!,#VALUE!,,
1507,,#VALUE!,#VALUE!,#VALUE!,#VALUE!,,
1508,,#VALUE!,#VALUE!,#VALUE!,#VALUE!,,
1509,,#VALUE!,#VALUE!,#VALUE!,#VALUE!,,
1510,,#VALUE!,#VALUE!,#VALUE!,#VALUE!,,
1511,,#VALUE!,#VALUE!,#VALUE!,#VALUE!,,
1512,,#VALUE!,#VALUE!,#VALUE!,#VALUE!,,
1513,,#VALUE!,#VALUE!,#VALUE!,#VALUE!,,
1514,,#VALUE!,#VALUE!,#VALUE!,#VALUE!,,
1515,,#VALUE!,#VALUE!,#VALUE!,#VALUE!,,
1516,,#VALUE!,#VALUE!,#VALUE!,#VALUE!,,
1517,,#VALUE!,#VALUE!,#VALUE!,#VALUE!,,
1518,,#VALUE!,#VALUE!,#VALUE!,#VALUE!,,
1519,,#VALUE!,#VALUE!,#VALUE!,#VALUE!,,
1520,,#VALUE!,#VALUE!,#VALUE!,#VALUE!,,
1521,,#VALUE!,#VALUE!,#VALUE!,#VALUE!,,
1522,,#VALUE!,#VALUE!,#VALUE!,#VALUE!,,
1523,,#VALUE!,#VALUE!,#VALUE!,#VALUE!,,
1524,,#VALUE!,#VALUE!,#VALUE!,#VALUE!,,
1525,,#VALUE!,#VALUE!,#VALUE!,#VALUE!,,
1526,,#VALUE!,#VALUE!,#VALUE!,#VALUE!,,
1527,,#VALUE!,#VALUE!,#VALUE!,#VALUE!,,
1528,,#VALUE!,#VALUE!,#VALUE!,#VALUE!,,
1529,,#VALUE!,#VALUE!,#VALUE!,#VALUE!,,
1530,,#VALUE!,#VALUE!,#VALUE!,#VALUE!,,
1531,,#VALUE!,#VALUE!,#VALUE!,#VALUE!,,
1532,,#VALUE!,#VALUE!,#VALUE!,#VALUE!,,
1533,,#VALUE!,#VALUE!,#VALUE!,#VALUE!,,
1534,,#VALUE!,#VALUE!,#VALUE!,#VALUE!,,
1535,,#VALUE!,#VALUE!,#VALUE!,#VALUE!,,
1536,,#VALUE!,#VALUE!,#VALUE!,#VALUE!,,
1537,,#VALUE!,#VALUE!,#VALUE!,#VALUE!,,
1538,,#VALUE!,#VALUE!,#VALUE!,#VALUE!,,
1539,,#VALUE!,#VALUE!,#VALUE!,#VALUE!,,
1540,,#VALUE!,#VALUE!,#VALUE!,#VALUE!,,
1541,,#VALUE!,#VALUE!,#VALUE!,#VALUE!,,
1542,,#VALUE!,#VALUE!,#VALUE!,#VALUE!,,
1543,,#VALUE!,#VALUE!,#VALUE!,#VALUE!,,
1544,,#VALUE!,#VALUE!,#VALUE!,#VALUE!,,
1545,,#VALUE!,#VALUE!,#VALUE!,#VALUE!,,
1546,,#VALUE!,#VALUE!,#VALUE!,#VALUE!,,
1547,,#VALUE!,#VALUE!,#VALUE!,#VALUE!,,
1548,,#VALUE!,#VALUE!,#VALUE!,#VALUE!,,
1549,,#VALUE!,#VALUE!,#VALUE!,#VALUE!,,
1550,,#VALUE!,#VALUE!,#VALUE!,#VALUE!,,
1551,,#VALUE!,#VALUE!,#VALUE!,#VALUE!,,
1552,,#VALUE!,#VALUE!,#VALUE!,#VALUE!,,
1553,,#VALUE!,#VALUE!,#VALUE!,#VALUE!,,
1554,,#VALUE!,#VALUE!,#VALUE!,#VALUE!,,
1555,,#VALUE!,#VALUE!,#VALUE!,#VALUE!,,
1556,,#VALUE!,#VALUE!,#VALUE!,#VALUE!,,
1557,,#VALUE!,#VALUE!,#VALUE!,#VALUE!,,
1558,,#VALUE!,#VALUE!,#VALUE!,#VALUE!,,
1559,,#VALUE!,#VALUE!,#VALUE!,#VALUE!,,
1560,,#VALUE!,#VALUE!,#VALUE!,#VALUE!,,
1561,,#VALUE!,#VALUE!,#VALUE!,#VALUE!,,
1562,,#VALUE!,#VALUE!,#VALUE!,#VALUE!,,
1563,,#VALUE!,#VALUE!,#VALUE!,#VALUE!,,
1564,,#VALUE!,#VALUE!,#VALUE!,#VALUE!,,
1565,,#VALUE!,#VALUE!,#VALUE!,#VALUE!,,
1566,,#VALUE!,#VALUE!,#VALUE!,#VALUE!,,
1567,,#VALUE!,#VALUE!,#VALUE!,#VALUE!,,
1568,,#VALUE!,#VALUE!,#VALUE!,#VALUE!,,
1569,,#VALUE!,#VALUE!,#VALUE!,#VALUE!,,
1570,,#VALUE!,#VALUE!,#VALUE!,#VALUE!,,
1571,,#VALUE!,#VALUE!,#VALUE!,#VALUE!,,
1572,,#VALUE!,#VALUE!,#VALUE!,#VALUE!,,
1573,,#VALUE!,#VALUE!,#VALUE!,#VALUE!,,
1574,,#VALUE!,#VALUE!,#VALUE!,#VALUE!,,
1575,,#VALUE!,#VALUE!,#VALUE!,#VALUE!,,
1576,,#VALUE!,#VALUE!,#VALUE!,#VALUE!,,
1577,,#VALUE!,#VALUE!,#VALUE!,#VALUE!,,
1578,,#VALUE!,#VALUE!,#VALUE!,#VALUE!,,
1579,,#VALUE!,#VALUE!,#VALUE!,#VALUE!,,
1580,,#VALUE!,#VALUE!,#VALUE!,#VALUE!,,
1581,,#VALUE!,#VALUE!,#VALUE!,#VALUE!,,
1582,,#VALUE!,#VALUE!,#VALUE!,#VALUE!,,
1583,,#VALUE!,#VALUE!,#VALUE!,#VALUE!,,
1584,,#VALUE!,#VALUE!,#VALUE!,#VALUE!,,
1585,,#VALUE!,#VALUE!,#VALUE!,#VALUE!,,
1586,,#VALUE!,#VALUE!,#VALUE!,#VALUE!,,
1587,,#VALUE!,#VALUE!,#VALUE!,#VALUE!,,
1588,,#VALUE!,#VALUE!,#VALUE!,#VALUE!,,
1589,,#VALUE!,#VALUE!,#VALUE!,#VALUE!,,
1590,,#VALUE!,#VALUE!,#VALUE!,#VALUE!,,
1591,,#VALUE!,#VALUE!,#VALUE!,#VALUE!,,
1592,,#VALUE!,#VALUE!,#VALUE!,#VALUE!,,
1593,,#VALUE!,#VALUE!,#VALUE!,#VALUE!,,
1594,,#VALUE!,#VALUE!,#VALUE!,#VALUE!,,
1595,,#VALUE!,#VALUE!,#VALUE!,#VALUE!,,
1596,,#VALUE!,#VALUE!,#VALUE!,#VALUE!,,
1597,,#VALUE!,#VALUE!,#VALUE!,#VALUE!,,
1598,,#VALUE!,#VALUE!,#VALUE!,#VALUE!,,
1599,,#VALUE!,#VALUE!,#VALUE!,#VALUE!,,
1600,,#VALUE!,#VALUE!,#VALUE!,#VALUE!,,
1601,,#VALUE!,#VALUE!,#VALUE!,#VALUE!,,
1602,,#VALUE!,#VALUE!,#VALUE!,#VALUE!,,
1603,,#VALUE!,#VALUE!,#VALUE!,#VALUE!,,
1604,,#VALUE!,#VALUE!,#VALUE!,#VALUE!,,
1605,,#VALUE!,#VALUE!,#VALUE!,#VALUE!,,
1606,,#VALUE!,#VALUE!,#VALUE!,#VALUE!,,
1607,,#VALUE!,#VALUE!,#VALUE!,#VALUE!,,
1608,,#VALUE!,#VALUE!,#VALUE!,#VALUE!,,
1609,,#VALUE!,#VALUE!,#VALUE!,#VALUE!,,
1610,,#VALUE!,#VALUE!,#VALUE!,#VALUE!,,
1611,,#VALUE!,#VALUE!,#VALUE!,#VALUE!,,
1612,,#VALUE!,#VALUE!,#VALUE!,#VALUE!,,
1613,,#VALUE!,#VALUE!,#VALUE!,#VALUE!,,
1614,,#VALUE!,#VALUE!,#VALUE!,#VALUE!,,
1615,,#VALUE!,#VALUE!,#VALUE!,#VALUE!,,
1616,,#VALUE!,#VALUE!,#VALUE!,#VALUE!,,
1617,,#VALUE!,#VALUE!,#VALUE!,#VALUE!,,
1618,,#VALUE!,#VALUE!,#VALUE!,#VALUE!,,
1619,,#VALUE!,#VALUE!,#VALUE!,#VALUE!,,
1620,,#VALUE!,#VALUE!,#VALUE!,#VALUE!,,
1621,,#VALUE!,#VALUE!,#VALUE!,#VALUE!,,
1622,,#VALUE!,#VALUE!,#VALUE!,#VALUE!,,
1623,,#VALUE!,#VALUE!,#VALUE!,#VALUE!,,
1624,,#VALUE!,#VALUE!,#VALUE!,#VALUE!,,
1625,,#VALUE!,#VALUE!,#VALUE!,#VALUE!,,
1626,,#VALUE!,#VALUE!,#VALUE!,#VALUE!,,
1627,,#VALUE!,#VALUE!,#VALUE!,#VALUE!,,
1628,,#VALUE!,#VALUE!,#VALUE!,#VALUE!,,
1629,,#VALUE!,#VALUE!,#VALUE!,#VALUE!,,
1630,,#VALUE!,#VALUE!,#VALUE!,#VALUE!,,
1631,,#VALUE!,#VALUE!,#VALUE!,#VALUE!,,
1632,,#VALUE!,#VALUE!,#VALUE!,#VALUE!,,
1633,,#VALUE!,#VALUE!,#VALUE!,#VALUE!,,
1634,,#VALUE!,#VALUE!,#VALUE!,#VALUE!,,
1635,,#VALUE!,#VALUE!,#VALUE!,#VALUE!,,
1636,,#VALUE!,#VALUE!,#VALUE!,#VALUE!,,
1637,,#VALUE!,#VALUE!,#VALUE!,#VALUE!,,
1638,,#VALUE!,#VALUE!,#VALUE!,#VALUE!,,
1639,,#VALUE!,#VALUE!,#VALUE!,#VALUE!,,
1640,,#VALUE!,#VALUE!,#VALUE!,#VALUE!,,
1641,,#VALUE!,#VALUE!,#VALUE!,#VALUE!,,
1642,,#VALUE!,#VALUE!,#VALUE!,#VALUE!,,
1643,,#VALUE!,#VALUE!,#VALUE!,#VALUE!,,
1644,,#VALUE!,#VALUE!,#VALUE!,#VALUE!,,
1645,,#VALUE!,#VALUE!,#VALUE!,#VALUE!,,
1646,,#VALUE!,#VALUE!,#VALUE!,#VALUE!,,
1647,,#VALUE!,#VALUE!,#VALUE!,#VALUE!,,
1648,,#VALUE!,#VALUE!,#VALUE!,#VALUE!,,
1649,,#VALUE!,#VALUE!,#VALUE!,#VALUE!,,
1650,,#VALUE!,#VALUE!,#VALUE!,#VALUE!,,
1651,,#VALUE!,#VALUE!,#VALUE!,#VALUE!,,
1652,,#VALUE!,#VALUE!,#VALUE!,#VALUE!,,
1653,,#VALUE!,#VALUE!,#VALUE!,#VALUE!,,
1654,,#VALUE!,#VALUE!,#VALUE!,#VALUE!,,
1655,,#VALUE!,#VALUE!,#VALUE!,#VALUE!,,
1656,,#VALUE!,#VALUE!,#VALUE!,#VALUE!,,
1657,,#VALUE!,#VALUE!,#VALUE!,#VALUE!,,
1658,,#VALUE!,#VALUE!,#VALUE!,#VALUE!,,
1659,,#VALUE!,#VALUE!,#VALUE!,#VALUE!,,
1660,,#VALUE!,#VALUE!,#VALUE!,#VALUE!,,
1661,,#VALUE!,#VALUE!,#VALUE!,#VALUE!,,
1662,,#VALUE!,#VALUE!,#VALUE!,#VALUE!,,
1663,,#VALUE!,#VALUE!,#VALUE!,#VALUE!,,
1664,,#VALUE!,#VALUE!,#VALUE!,#VALUE!,,
1665,,#VALUE!,#VALUE!,#VALUE!,#VALUE!,,
1666,,#VALUE!,#VALUE!,#VALUE!,#VALUE!,,
1667,,#VALUE!,#VALUE!,#VALUE!,#VALUE!,,
1668,,#VALUE!,#VALUE!,#VALUE!,#VALUE!,,
1669,,#VALUE!,#VALUE!,#VALUE!,#VALUE!,,
1670,,#VALUE!,#VALUE!,#VALUE!,#VALUE!,,
1671,,#VALUE!,#VALUE!,#VALUE!,#VALUE!,,
1672,,#VALUE!,#VALUE!,#VALUE!,#VALUE!,,
1673,,#VALUE!,#VALUE!,#VALUE!,#VALUE!,,
1674,,#VALUE!,#VALUE!,#VALUE!,#VALUE!,,
1675,,#VALUE!,#VALUE!,#VALUE!,#VALUE!,,
1676,,#VALUE!,#VALUE!,#VALUE!,#VALUE!,,
1677,,#VALUE!,#VALUE!,#VALUE!,#VALUE!,,
1678,,#VALUE!,#VALUE!,#VALUE!,#VALUE!,,
1679,,#VALUE!,#VALUE!,#VALUE!,#VALUE!,,
1680,,#VALUE!,#VALUE!,#VALUE!,#VALUE!,,
1681,,#VALUE!,#VALUE!,#VALUE!,#VALUE!,,
1682,,#VALUE!,#VALUE!,#VALUE!,#VALUE!,,
1683,,#VALUE!,#VALUE!,#VALUE!,#VALUE!,,
1684,,#VALUE!,#VALUE!,#VALUE!,#VALUE!,,
1685,,#VALUE!,#VALUE!,#VALUE!,#VALUE!,,
1686,,#VALUE!,#VALUE!,#VALUE!,#VALUE!,,
1687,,#VALUE!,#VALUE!,#VALUE!,#VALUE!,,
1688,,#VALUE!,#VALUE!,#VALUE!,#VALUE!,,
1689,,#VALUE!,#VALUE!,#VALUE!,#VALUE!,,
1690,,#VALUE!,#VALUE!,#VALUE!,#VALUE!,,
1691,,#VALUE!,#VALUE!,#VALUE!,#VALUE!,,
1692,,#VALUE!,#VALUE!,#VALUE!,#VALUE!,,
1693,,#VALUE!,#VALUE!,#VALUE!,#VALUE!,,
1694,,#VALUE!,#VALUE!,#VALUE!,#VALUE!,,
1695,,#VALUE!,#VALUE!,#VALUE!,#VALUE!,,
1696,,#VALUE!,#VALUE!,#VALUE!,#VALUE!,,
1697,,#VALUE!,#VALUE!,#VALUE!,#VALUE!,,
1698,,#VALUE!,#VALUE!,#VALUE!,#VALUE!,,
1699,,#VALUE!,#VALUE!,#VALUE!,#VALUE!,,
1700,,#VALUE!,#VALUE!,#VALUE!,#VALUE!,,
1701,,#VALUE!,#VALUE!,#VALUE!,#VALUE!,,
1702,,#VALUE!,#VALUE!,#VALUE!,#VALUE!,,
1703,,#VALUE!,#VALUE!,#VALUE!,#VALUE!,,
1704,,#VALUE!,#VALUE!,#VALUE!,#VALUE!,,
1705,,#VALUE!,#VALUE!,#VALUE!,#VALUE!,,
1706,,#VALUE!,#VALUE!,#VALUE!,#VALUE!,,
1707,,#VALUE!,#VALUE!,#VALUE!,#VALUE!,,
1708,,#VALUE!,#VALUE!,#VALUE!,#VALUE!,,
1709,,#VALUE!,#VALUE!,#VALUE!,#VALUE!,,
1710,,#VALUE!,#VALUE!,#VALUE!,#VALUE!,,
1711,,#VALUE!,#VALUE!,#VALUE!,#VALUE!,,
1712,,#VALUE!,#VALUE!,#VALUE!,#VALUE!,,
1713,,#VALUE!,#VALUE!,#VALUE!,#VALUE!,,
1714,,#VALUE!,#VALUE!,#VALUE!,#VALUE!,,
1715,,#VALUE!,#VALUE!,#VALUE!,#VALUE!,,
1716,,#VALUE!,#VALUE!,#VALUE!,#VALUE!,,
1717,,#VALUE!,#VALUE!,#VALUE!,#VALUE!,,
1718,,#VALUE!,#VALUE!,#VALUE!,#VALUE!,,
1719,,#VALUE!,#VALUE!,#VALUE!,#VALUE!,,
1720,,#VALUE!,#VALUE!,#VALUE!,#VALUE!,,
1721,,#VALUE!,#VALUE!,#VALUE!,#VALUE!,,
1722,,#VALUE!,#VALUE!,#VALUE!,#VALUE!,,
1723,,#VALUE!,#VALUE!,#VALUE!,#VALUE!,,
1724,,#VALUE!,#VALUE!,#VALUE!,#VALUE!,,
1725,,#VALUE!,#VALUE!,#VALUE!,#VALUE!,,
1726,,#VALUE!,#VALUE!,#VALUE!,#VALUE!,,
1727,,#VALUE!,#VALUE!,#VALUE!,#VALUE!,,
1728,,#VALUE!,#VALUE!,#VALUE!,#VALUE!,,
1729,,#VALUE!,#VALUE!,#VALUE!,#VALUE!,,
1730,,#VALUE!,#VALUE!,#VALUE!,#VALUE!,,
1731,,#VALUE!,#VALUE!,#VALUE!,#VALUE!,,
1732,,#VALUE!,#VALUE!,#VALUE!,#VALUE!,,
1733,,#VALUE!,#VALUE!,#VALUE!,#VALUE!,,
1734,,#VALUE!,#VALUE!,#VALUE!,#VALUE!,,
1735,,#VALUE!,#VALUE!,#VALUE!,#VALUE!,,
1736,,#VALUE!,#VALUE!,#VALUE!,#VALUE!,,
1737,,#VALUE!,#VALUE!,#VALUE!,#VALUE!,,
1738,,#VALUE!,#VALUE!,#VALUE!,#VALUE!,,
1739,,#VALUE!,#VALUE!,#VALUE!,#VALUE!,,
1740,,#VALUE!,#VALUE!,#VALUE!,#VALUE!,,
1741,,#VALUE!,#VALUE!,#VALUE!,#VALUE!,,
1742,,#VALUE!,#VALUE!,#VALUE!,#VALUE!,,
1743,,#VALUE!,#VALUE!,#VALUE!,#VALUE!,,
1744,,#VALUE!,#VALUE!,#VALUE!,#VALUE!,,
1745,,#VALUE!,#VALUE!,#VALUE!,#VALUE!,,
1746,,#VALUE!,#VALUE!,#VALUE!,#VALUE!,,
1747,,#VALUE!,#VALUE!,#VALUE!,#VALUE!,,
1748,,#VALUE!,#VALUE!,#VALUE!,#VALUE!,,
1749,,#VALUE!,#VALUE!,#VALUE!,#VALUE!,,
1750,,#VALUE!,#VALUE!,#VALUE!,#VALUE!,,
1751,,#VALUE!,#VALUE!,#VALUE!,#VALUE!,,
1752,,#VALUE!,#VALUE!,#VALUE!,#VALUE!,,
1753,,#VALUE!,#VALUE!,#VALUE!,#VALUE!,,
1754,,#VALUE!,#VALUE!,#VALUE!,#VALUE!,,
1755,,#VALUE!,#VALUE!,#VALUE!,#VALUE!,,
1756,,#VALUE!,#VALUE!,#VALUE!,#VALUE!,,
1757,,#VALUE!,#VALUE!,#VALUE!,#VALUE!,,
1758,,#VALUE!,#VALUE!,#VALUE!,#VALUE!,,
1759,,#VALUE!,#VALUE!,#VALUE!,#VALUE!,,
1760,,#VALUE!,#VALUE!,#VALUE!,#VALUE!,,
1761,,#VALUE!,#VALUE!,#VALUE!,#VALUE!,,
1762,,#VALUE!,#VALUE!,#VALUE!,#VALUE!,,
1763,,#VALUE!,#VALUE!,#VALUE!,#VALUE!,,
1764,,#VALUE!,#VALUE!,#VALUE!,#VALUE!,,
1765,,#VALUE!,#VALUE!,#VALUE!,#VALUE!,,
1766,,#VALUE!,#VALUE!,#VALUE!,#VALUE!,,
1767,,#VALUE!,#VALUE!,#VALUE!,#VALUE!,,
1768,,#VALUE!,#VALUE!,#VALUE!,#VALUE!,,
1769,,#VALUE!,#VALUE!,#VALUE!,#VALUE!,,
1770,,#VALUE!,#VALUE!,#VALUE!,#VALUE!,,
1771,,#VALUE!,#VALUE!,#VALUE!,#VALUE!,,
1772,,#VALUE!,#VALUE!,#VALUE!,#VALUE!,,
1773,,#VALUE!,#VALUE!,#VALUE!,#VALUE!,,
1774,,#VALUE!,#VALUE!,#VALUE!,#VALUE!,,
1775,,#VALUE!,#VALUE!,#VALUE!,#VALUE!,,
1776,,#VALUE!,#VALUE!,#VALUE!,#VALUE!,,
1777,,#VALUE!,#VALUE!,#VALUE!,#VALUE!,,
1778,,#VALUE!,#VALUE!,#VALUE!,#VALUE!,,
1779,,#VALUE!,#VALUE!,#VALUE!,#VALUE!,,
1780,,#VALUE!,#VALUE!,#VALUE!,#VALUE!,,
1781,,#VALUE!,#VALUE!,#VALUE!,#VALUE!,,
1782,,#VALUE!,#VALUE!,#VALUE!,#VALUE!,,
1783,,#VALUE!,#VALUE!,#VALUE!,#VALUE!,,
1784,,#VALUE!,#VALUE!,#VALUE!,#VALUE!,,
1785,,#VALUE!,#VALUE!,#VALUE!,#VALUE!,,
1786,,#VALUE!,#VALUE!,#VALUE!,#VALUE!,,
1787,,#VALUE!,#VALUE!,#VALUE!,#VALUE!,,
1788,,#VALUE!,#VALUE!,#VALUE!,#VALUE!,,
1789,,#VALUE!,#VALUE!,#VALUE!,#VALUE!,,
1790,,#VALUE!,#VALUE!,#VALUE!,#VALUE!,,
1791,,#VALUE!,#VALUE!,#VALUE!,#VALUE!,,
1792,,#VALUE!,#VALUE!,#VALUE!,#VALUE!,,
1793,,#VALUE!,#VALUE!,#VALUE!,#VALUE!,,
1794,,#VALUE!,#VALUE!,#VALUE!,#VALUE!,,
1795,,#VALUE!,#VALUE!,#VALUE!,#VALUE!,,
1796,,#VALUE!,#VALUE!,#VALUE!,#VALUE!,,
1797,,#VALUE!,#VALUE!,#VALUE!,#VALUE!,,
1798,,#VALUE!,#VALUE!,#VALUE!,#VALUE!,,
1799,,#VALUE!,#VALUE!,#VALUE!,#VALUE!,,
1800,,#VALUE!,#VALUE!,#VALUE!,#VALUE!,,
1801,,#VALUE!,#VALUE!,#VALUE!,#VALUE!,,
1802,,#VALUE!,#VALUE!,#VALUE!,#VALUE!,,
1803,,#VALUE!,#VALUE!,#VALUE!,#VALUE!,,
1804,,#VALUE!,#VALUE!,#VALUE!,#VALUE!,,
1805,,#VALUE!,#VALUE!,#VALUE!,#VALUE!,,
1806,,#VALUE!,#VALUE!,#VALUE!,#VALUE!,,
1807,,#VALUE!,#VALUE!,#VALUE!,#VALUE!,,
1808,,#VALUE!,#VALUE!,#VALUE!,#VALUE!,,
1809,,#VALUE!,#VALUE!,#VALUE!,#VALUE!,,
1810,,#VALUE!,#VALUE!,#VALUE!,#VALUE!,,
1811,,#VALUE!,#VALUE!,#VALUE!,#VALUE!,,
1812,,#VALUE!,#VALUE!,#VALUE!,#VALUE!,,
1813,,#VALUE!,#VALUE!,#VALUE!,#VALUE!,,
1814,,#VALUE!,#VALUE!,#VALUE!,#VALUE!,,
1815,,#VALUE!,#VALUE!,#VALUE!,#VALUE!,,
1816,,#VALUE!,#VALUE!,#VALUE!,#VALUE!,,
1817,,#VALUE!,#VALUE!,#VALUE!,#VALUE!,,
1818,,#VALUE!,#VALUE!,#VALUE!,#VALUE!,,
1819,,#VALUE!,#VALUE!,#VALUE!,#VALUE!,,
1820,,#VALUE!,#VALUE!,#VALUE!,#VALUE!,,
1821,,#VALUE!,#VALUE!,#VALUE!,#VALUE!,,
1822,,#VALUE!,#VALUE!,#VALUE!,#VALUE!,,
1823,,#VALUE!,#VALUE!,#VALUE!,#VALUE!,,
1824,,#VALUE!,#VALUE!,#VALUE!,#VALUE!,,
1825,,#VALUE!,#VALUE!,#VALUE!,#VALUE!,,
1826,,#VALUE!,#VALUE!,#VALUE!,#VALUE!,,
1827,,#VALUE!,#VALUE!,#VALUE!,#VALUE!,,
1828,,#VALUE!,#VALUE!,#VALUE!,#VALUE!,,
1829,,#VALUE!,#VALUE!,#VALUE!,#VALUE!,,
1830,,#VALUE!,#VALUE!,#VALUE!,#VALUE!,,
1831,,#VALUE!,#VALUE!,#VALUE!,#VALUE!,,
1832,,#VALUE!,#VALUE!,#VALUE!,#VALUE!,,
1833,,#VALUE!,#VALUE!,#VALUE!,#VALUE!,,
1834,,#VALUE!,#VALUE!,#VALUE!,#VALUE!,,
1835,,#VALUE!,#VALUE!,#VALUE!,#VALUE!,,
1836,,#VALUE!,#VALUE!,#VALUE!,#VALUE!,,
1837,,#VALUE!,#VALUE!,#VALUE!,#VALUE!,,
1838,,#VALUE!,#VALUE!,#VALUE!,#VALUE!,,
1839,,#VALUE!,#VALUE!,#VALUE!,#VALUE!,,
1840,,#VALUE!,#VALUE!,#VALUE!,#VALUE!,,
1841,,#VALUE!,#VALUE!,#VALUE!,#VALUE!,,
1842,,#VALUE!,#VALUE!,#VALUE!,#VALUE!,,
1843,,#VALUE!,#VALUE!,#VALUE!,#VALUE!,,
1844,,#VALUE!,#VALUE!,#VALUE!,#VALUE!,,
1845,,#VALUE!,#VALUE!,#VALUE!,#VALUE!,,
1846,,#VALUE!,#VALUE!,#VALUE!,#VALUE!,,
1847,,#VALUE!,#VALUE!,#VALUE!,#VALUE!,,
1848,,#VALUE!,#VALUE!,#VALUE!,#VALUE!,,
1849,,#VALUE!,#VALUE!,#VALUE!,#VALUE!,,
1850,,#VALUE!,#VALUE!,#VALUE!,#VALUE!,,
1851,,#VALUE!,#VALUE!,#VALUE!,#VALUE!,,
1852,,#VALUE!,#VALUE!,#VALUE!,#VALUE!,,
1853,,#VALUE!,#VALUE!,#VALUE!,#VALUE!,,
1854,,#VALUE!,#VALUE!,#VALUE!,#VALUE!,,
1855,,#VALUE!,#VALUE!,#VALUE!,#VALUE!,,
1856,,#VALUE!,#VALUE!,#VALUE!,#VALUE!,,
1857,,#VALUE!,#VALUE!,#VALUE!,#VALUE!,,
1858,,#VALUE!,#VALUE!,#VALUE!,#VALUE!,,
1859,,#VALUE!,#VALUE!,#VALUE!,#VALUE!,,
1860,,#VALUE!,#VALUE!,#VALUE!,#VALUE!,,
1861,,#VALUE!,#VALUE!,#VALUE!,#VALUE!,,
1862,,#VALUE!,#VALUE!,#VALUE!,#VALUE!,,
1863,,#VALUE!,#VALUE!,#VALUE!,#VALUE!,,
1864,,#VALUE!,#VALUE!,#VALUE!,#VALUE!,,
1865,,#VALUE!,#VALUE!,#VALUE!,#VALUE!,,
1866,,#VALUE!,#VALUE!,#VALUE!,#VALUE!,,
1867,,#VALUE!,#VALUE!,#VALUE!,#VALUE!,,
1868,,#VALUE!,#VALUE!,#VALUE!,#VALUE!,,
1869,,#VALUE!,#VALUE!,#VALUE!,#VALUE!,,
1870,,#VALUE!,#VALUE!,#VALUE!,#VALUE!,,
1871,,#VALUE!,#VALUE!,#VALUE!,#VALUE!,,
1872,,#VALUE!,#VALUE!,#VALUE!,#VALUE!,,
1873,,#VALUE!,#VALUE!,#VALUE!,#VALUE!,,
1874,,#VALUE!,#VALUE!,#VALUE!,#VALUE!,,
1875,,#VALUE!,#VALUE!,#VALUE!,#VALUE!,,
1876,,#VALUE!,#VALUE!,#VALUE!,#VALUE!,,
1877,,#VALUE!,#VALUE!,#VALUE!,#VALUE!,,
1878,,#VALUE!,#VALUE!,#VALUE!,#VALUE!,,
1879,,#VALUE!,#VALUE!,#VALUE!,#VALUE!,,
1880,,#VALUE!,#VALUE!,#VALUE!,#VALUE!,,
1881,,#VALUE!,#VALUE!,#VALUE!,#VALUE!,,
1882,,#VALUE!,#VALUE!,#VALUE!,#VALUE!,,
1883,,#VALUE!,#VALUE!,#VALUE!,#VALUE!,,
1884,,#VALUE!,#VALUE!,#VALUE!,#VALUE!,,
1885,,#VALUE!,#VALUE!,#VALUE!,#VALUE!,,
1886,,#VALUE!,#VALUE!,#VALUE!,#VALUE!,,
1887,,#VALUE!,#VALUE!,#VALUE!,#VALUE!,,
1888,,#VALUE!,#VALUE!,#VALUE!,#VALUE!,,
1889,,#VALUE!,#VALUE!,#VALUE!,#VALUE!,,
1890,,#VALUE!,#VALUE!,#VALUE!,#VALUE!,,
1891,,#VALUE!,#VALUE!,#VALUE!,#VALUE!,,
1892,,#VALUE!,#VALUE!,#VALUE!,#VALUE!,,
1893,,#VALUE!,#VALUE!,#VALUE!,#VALUE!,,
1894,,#VALUE!,#VALUE!,#VALUE!,#VALUE!,,
1895,,#VALUE!,#VALUE!,#VALUE!,#VALUE!,,
1896,,#VALUE!,#VALUE!,#VALUE!,#VALUE!,,
1897,,#VALUE!,#VALUE!,#VALUE!,#VALUE!,,
1898,,#VALUE!,#VALUE!,#VALUE!,#VALUE!,,
1899,,#VALUE!,#VALUE!,#VALUE!,#VALUE!,,
1900,,#VALUE!,#VALUE!,#VALUE!,#VALUE!,,
1901,,#VALUE!,#VALUE!,#VALUE!,#VALUE!,,
1902,,#VALUE!,#VALUE!,#VALUE!,#VALUE!,,
1903,,#VALUE!,#VALUE!,#VALUE!,#VALUE!,,
1904,,#VALUE!,#VALUE!,#VALUE!,#VALUE!,,
1905,,#VALUE!,#VALUE!,#VALUE!,#VALUE!,,
1906,,#VALUE!,#VALUE!,#VALUE!,#VALUE!,,
1907,,#VALUE!,#VALUE!,#VALUE!,#VALUE!,,
1908,,#VALUE!,#VALUE!,#VALUE!,#VALUE!,,
1909,,#VALUE!,#VALUE!,#VALUE!,#VALUE!,,
1910,,#VALUE!,#VALUE!,#VALUE!,#VALUE!,,
1911,,#VALUE!,#VALUE!,#VALUE!,#VALUE!,,
1912,,#VALUE!,#VALUE!,#VALUE!,#VALUE!,,
1913,,#VALUE!,#VALUE!,#VALUE!,#VALUE!,,
1914,,#VALUE!,#VALUE!,#VALUE!,#VALUE!,,
1915,,#VALUE!,#VALUE!,#VALUE!,#VALUE!,,
1916,,#VALUE!,#VALUE!,#VALUE!,#VALUE!,,
1917,,#VALUE!,#VALUE!,#VALUE!,#VALUE!,,
1918,,#VALUE!,#VALUE!,#VALUE!,#VALUE!,,
1919,,#VALUE!,#VALUE!,#VALUE!,#VALUE!,,
1920,,#VALUE!,#VALUE!,#VALUE!,#VALUE!,,
1921,,#VALUE!,#VALUE!,#VALUE!,#VALUE!,,
1922,,#VALUE!,#VALUE!,#VALUE!,#VALUE!,,
1923,,#VALUE!,#VALUE!,#VALUE!,#VALUE!,,
1924,,#VALUE!,#VALUE!,#VALUE!,#VALUE!,,
1925,,#VALUE!,#VALUE!,#VALUE!,#VALUE!,,
1926,,#VALUE!,#VALUE!,#VALUE!,#VALUE!,,
1927,,#VALUE!,#VALUE!,#VALUE!,#VALUE!,,
1928,,#VALUE!,#VALUE!,#VALUE!,#VALUE!,,
1929,,#VALUE!,#VALUE!,#VALUE!,#VALUE!,,
1930,,#VALUE!,#VALUE!,#VALUE!,#VALUE!,,
1931,,#VALUE!,#VALUE!,#VALUE!,#VALUE!,,
1932,,#VALUE!,#VALUE!,#VALUE!,#VALUE!,,
1933,,#VALUE!,#VALUE!,#VALUE!,#VALUE!,,
1934,,#VALUE!,#VALUE!,#VALUE!,#VALUE!,,
1935,,#VALUE!,#VALUE!,#VALUE!,#VALUE!,,
1936,,#VALUE!,#VALUE!,#VALUE!,#VALUE!,,
1937,,#VALUE!,#VALUE!,#VALUE!,#VALUE!,,
1938,,#VALUE!,#VALUE!,#VALUE!,#VALUE!,,
1939,,#VALUE!,#VALUE!,#VALUE!,#VALUE!,,
1940,,#VALUE!,#VALUE!,#VALUE!,#VALUE!,,
1941,,#VALUE!,#VALUE!,#VALUE!,#VALUE!,,
1942,,#VALUE!,#VALUE!,#VALUE!,#VALUE!,,
1943,,#VALUE!,#VALUE!,#VALUE!,#VALUE!,,
1944,,#VALUE!,#VALUE!,#VALUE!,#VALUE!,,
1945,,#VALUE!,#VALUE!,#VALUE!,#VALUE!,,
1946,,#VALUE!,#VALUE!,#VALUE!,#VALUE!,,
1947,,#VALUE!,#VALUE!,#VALUE!,#VALUE!,,
1948,,#VALUE!,#VALUE!,#VALUE!,#VALUE!,,
1949,,#VALUE!,#VALUE!,#VALUE!,#VALUE!,,
1950,,#VALUE!,#VALUE!,#VALUE!,#VALUE!,,
1951,,#VALUE!,#VALUE!,#VALUE!,#VALUE!,,
1952,,#VALUE!,#VALUE!,#VALUE!,#VALUE!,,
1953,,#VALUE!,#VALUE!,#VALUE!,#VALUE!,,
1954,,#VALUE!,#VALUE!,#VALUE!,#VALUE!,,
1955,,#VALUE!,#VALUE!,#VALUE!,#VALUE!,,
1956,,#VALUE!,#VALUE!,#VALUE!,#VALUE!,,
1957,,#VALUE!,#VALUE!,#VALUE!,#VALUE!,,
1958,,#VALUE!,#VALUE!,#VALUE!,#VALUE!,,
1959,,#VALUE!,#VALUE!,#VALUE!,#VALUE!,,
1960,,#VALUE!,#VALUE!,#VALUE!,#VALUE!,,
1961,,#VALUE!,#VALUE!,#VALUE!,#VALUE!,,
1962,,#VALUE!,#VALUE!,#VALUE!,#VALUE!,,
1963,,#VALUE!,#VALUE!,#VALUE!,#VALUE!,,
1964,,#VALUE!,#VALUE!,#VALUE!,#VALUE!,,
1965,,#VALUE!,#VALUE!,#VALUE!,#VALUE!,,
1966,,#VALUE!,#VALUE!,#VALUE!,#VALUE!,,
1967,,#VALUE!,#VALUE!,#VALUE!,#VALUE!,,
1968,,#VALUE!,#VALUE!,#VALUE!,#VALUE!,,
1969,,#VALUE!,#VALUE!,#VALUE!,#VALUE!,,
1970,,#VALUE!,#VALUE!,#VALUE!,#VALUE!,,
1971,,#VALUE!,#VALUE!,#VALUE!,#VALUE!,,
1972,,#VALUE!,#VALUE!,#VALUE!,#VALUE!,,
1973,,#VALUE!,#VALUE!,#VALUE!,#VALUE!,,
1974,,#VALUE!,#VALUE!,#VALUE!,#VALUE!,,
1975,,#VALUE!,#VALUE!,#VALUE!,#VALUE!,,
1976,,#VALUE!,#VALUE!,#VALUE!,#VALUE!,,
1977,,#VALUE!,#VALUE!,#VALUE!,#VALUE!,,
1978,,#VALUE!,#VALUE!,#VALUE!,#VALUE!,,
1979,,#VALUE!,#VALUE!,#VALUE!,#VALUE!,,
1980,,#VALUE!,#VALUE!,#VALUE!,#VALUE!,,
1981,,#VALUE!,#VALUE!,#VALUE!,#VALUE!,,
1982,,#VALUE!,#VALUE!,#VALUE!,#VALUE!,,
1983,,#VALUE!,#VALUE!,#VALUE!,#VALUE!,,
1984,,#VALUE!,#VALUE!,#VALUE!,#VALUE!,,
1985,,#VALUE!,#VALUE!,#VALUE!,#VALUE!,,
1986,,#VALUE!,#VALUE!,#VALUE!,#VALUE!,,
1987,,#VALUE!,#VALUE!,#VALUE!,#VALUE!,,
1988,,#VALUE!,#VALUE!,#VALUE!,#VALUE!,,
1989,,#VALUE!,#VALUE!,#VALUE!,#VALUE!,,
1990,,#VALUE!,#VALUE!,#VALUE!,#VALUE!,,
1991,,#VALUE!,#VALUE!,#VALUE!,#VALUE!,,
1992,,#VALUE!,#VALUE!,#VALUE!,#VALUE!,,
1993,,#VALUE!,#VALUE!,#VALUE!,#VALUE!,,
1994,,#VALUE!,#VALUE!,#VALUE!,#VALUE!,,
1995,,#VALUE!,#VALUE!,#VALUE!,#VALUE!,,
1996,,#VALUE!,#VALUE!,#VALUE!,#VALUE!,,
1997,,#VALUE!,#VALUE!,#VALUE!,#VALUE!,,
1998,,#VALUE!,#VALUE!,#VALUE!,#VALUE!,,
1999,,#VALUE!,#VALUE!,#VALUE!,#VALUE!,,
2000,,#VALUE!,#VALUE!,#VALUE!,#VALUE!,,
2001,,#VALUE!,#VALUE!,#VALUE!,#VALUE!,,
2002,,#VALUE!,#VALUE!,#VALUE!,#VALUE!,,
2003,,#VALUE!,#VALUE!,#VALUE!,#VALUE!,,
2004,,#VALUE!,#VALUE!,#VALUE!,#VALUE!,,
2005,,#VALUE!,#VALUE!,#VALUE!,#VALUE!,,
2006,,#VALUE!,#VALUE!,#VALUE!,#VALUE!,,
2007,,#VALUE!,#VALUE!,#VALUE!,#VALUE!,,
2008,,#VALUE!,#VALUE!,#VALUE!,#VALUE!,,
2009,,#VALUE!,#VALUE!,#VALUE!,#VALUE!,,
2010,,#VALUE!,#VALUE!,#VALUE!,#VALUE!,,
2011,,#VALUE!,#VALUE!,#VALUE!,#VALUE!,,
2012,,#VALUE!,#VALUE!,#VALUE!,#VALUE!,,
2013,,#VALUE!,#VALUE!,#VALUE!,#VALUE!,,
2014,,#VALUE!,#VALUE!,#VALUE!,#VALUE!,,
2015,,#VALUE!,#VALUE!,#VALUE!,#VALUE!,,
2016,,#VALUE!,#VALUE!,#VALUE!,#VALUE!,,
2017,,#VALUE!,#VALUE!,#VALUE!,#VALUE!,,
2018,,#VALUE!,#VALUE!,#VALUE!,#VALUE!,,
2019,,#VALUE!,#VALUE!,#VALUE!,#VALUE!,,
2020,,#VALUE!,#VALUE!,#VALUE!,#VALUE!,,
2021,,#VALUE!,#VALUE!,#VALUE!,#VALUE!,,
